name,Inf_0,Inf_1,Inf_2,Inf_3,Inf_4,Inf_5,Inf_6,Inf_7,Inf_8,Inf_9,Inf_10,Inf_11,Inf_12
абортировать,2в,пер,,НБI9у,П1,Пв1,С,ПНД1,ПНС1,ППД1в,ППС1,ДН1,ДП1
адъютантствовать,нес,неп,,НБI9у,П1,Пв1,,ПНД1,,ППД1в,,ДН1,ДП1
акцептоваться,2в,неп,,НБI9у,П1,Пв1,С,ПНД1,,ППД1в,,ДН1,ДП1
акционировать,2в,пер,,НБI9у,П1,Пв1,С,ПНД1,ПНС1,ППД1в,ППС1,ДН1,ДП1
акционироваться,2в,неп,,НБI9у,П1,Пв1,С,ПНД1,,ППД1в,,ДН1,ДП1
анатомироваться,2в,неп,,НБI9у,П1,Пв1,С,ПНД1,,ППД1в,,ДН1,ДП1
аннигилироваться,2в,неп,,НБI9у,П1,Пв1,С,ПНД1,,ППД1в,,ДН1,ДП1
архивировать,2в,пер,,НБI9у,П1,Пв1,С,ПНД1,ПНС1,ППД1в,ППС1,ДН1,ДП1
архивироваться,2в,неп,,НБI9у,П1,Пв1,С,ПНД1,,ППД1в,,ДН1,ДП1
аудировать,нес,пер,,НБI9у,П1,Пв1,,ПНД1,ПНС1,ППД1в,ППС1,ДН1,ДП1
аэрировать,2в,пер,,НБI9у,П1,Пв1,С,ПНД1,ПНС1,ППД1в,ППС1,ДН1,ДП1
бактеризовать,2в,пер,,НБI9у,П1,Пв1,С,ПНД1,ПНС1,ППД1в,ППС1,ДН1,ДП1
балластироваться,нес,неп,,НБI9у,П1,Пв1,,ПНД1,,ППД1в,,ДН1,ДП1
барыжничать,нес,неп,,НБI3,П1,Пв1,,ПНД1,,ППД1в,,ДН1,ДП1
бередиться,нес,неп,,НБII3ж,П1,Пв2!,,ПНД1,,ППД1в,,ДН1,ДП1
беспамятствовать,нес,неп,,НБI9у,П1,Пв1,,ПНД1,,ППД1в,,ДН1,ДП1
беспредельничать,нес,неп,,НБI3,П1,Пв1,,ПНД1,,ППД1в,,ДН1,ДП1
бздеть,нес,неп,,НБII3-,П1,Пв2!,,ПНД1,,ППД1в,,ДН1,ДП1
блевануть,сов,неп,,НБI4,П1,Пв2,С,,,ППД2в,,,ДП1
блефануть,сов,неп,,НБI4,П1,Пв2,С,,,ППД2в,,,ДП1
борзеть,нес,неп,,НБI3,П1,Пв1,,ПНД1,,ППД1в,,ДН1,ДП1
борониться,нес,неп,,НБII2,П1,Пв2!,,ПНД1,,ППД1в,,ДН1,ДП1
бортануться,сов,неп,,НБI4,П1,Пв2,С,,,ППД2в,,,ДП1
брикетироваться,2в,неп,,НБI9у,П1,Пв1,С,ПНД1,,ППД1в,,ДН1,ДП1
бузотерствовать,нес,неп,,НБI9у,П1,Пв1,,ПНД1,,ППД1в,,ДН1,ДП1
бунтарствовать,нес,неп,,НБI9у,П1,Пв1,,ПНД1,,ППД1в,,ДН1,ДП1
буровить,нес,неп,,НБII2л,П1,Пв3,,ПНД1,,ППД1в,,ДН1,ДП1
буторить,нес,пер,,НБII2,П1,Пв3,,ПНД1,ПНС2,ППД1в,ППС2,ДН1,ДП1
бутузить,нес,пер,,НБII3ж,П1,Пв3,,ПНД1,ПНС2,ППД1в,,ДН1,ДП1
вакцинироваться,2в,неп,,НБI9у,П1,Пв1,С,ПНД1,,ППД1в,,ДН1,ДП1
валандаться,нес,неп,,НБI3,П1,Пв1,,ПНД1,,ППД1в,,ДН1,ДП1
вворачиваться,нес,неп,,НБI3,П1,Пв1,,ПНД1,,ППД1в,,ДН1,ДП1
ветировать,нес,пер,,НБI9у,П1,Пв1,,ПНД1,ПНС1,ППД1в,ППС1,ДН1,ДП1
ветренеть,нес,неп,б,НБI3-,П1-,Пв1-,,,,,,,
влупить,сов,неп,,НБII2л,П1,Пв2!,С,,,ППД1в,,,ДП2
волонтерствовать,нес,неп,,НБI9у,П1,Пв1,,ПНД1,,ППД1в,,ДН1,ДП1
воспалить,сов,пер,,НБII2,П1,Пв2!,С,,,ППД1в,ППС2,,ДП2
востребоваться,сов,неп,,НБI9у,П1,Пв1,С,,,ППД1в,,,ДП1
впрядать,нес,пер,,НБI3,П1,Пв1,,ПНД1,ПНС1,ППД1в,,ДН1,ДП1
впрядаться,нес,неп,,НБI3,П1,Пв1,,ПНД1,,ППД1в,,ДН1,ДП1
впрясться,сов,неп,,НБI4д,П5,Пв2,С,,,ППД1в,,,ДП2
втюриваться,нес,неп,,НБI3,П1,Пв1,,ПНД1,,ППД1в,,ДН1,ДП1
втюхать,сов,пер,,НБI3,П1,Пв1,С,,,ППД1в,ППС1,,ДП1
втюхивать,нес,пер,,НБI3,П1,Пв1,,ПНД1,ПНС1,ППД1в,,ДН1,ДП1
втюхиваться,нес,неп,,НБI3,П1,Пв1,,ПНД1,,ППД1в,,ДН1,ДП1
выеживаться,нес,неп,,НБI3,П1,Пв1,,ПНД1,,ППД1в,,ДН1,ДП1
выкруживать,нес,пер,,НБI3,П1,Пв1,,ПНД1,ПНС1,ППД1в,,ДН1,ДП1
выкружить,сов,пер,,НБII1,П1,Пв2!,С,,,ППД1в,ППС2,,ДП3
выкрутасничать,нес,неп,,НБI3,П1,Пв1,,ПНД1,,ППД1в,,ДН1,ДП1
выпендрежничать,нес,неп,,НБI3,П1,Пв1,,ПНД1,,ППД1в,,ДН1,ДП1
выпотрашиваться,нес,неп,,НБI3,П1,Пв1,,ПНД1,,ППД1в,,ДН1,ДП1
высмаркивать,нес,пер,,НБI3,П1,Пв1,,ПНД1,ПНС1,ППД1в,,ДН1,ДП1
высмаркиваться,нес,неп,,НБI3,П1,Пв1,,ПНД1,,ППД1в,,ДН1,ДП1
вычленяться,нес,неп,,НБI3,П1,Пв1,,ПНД1,,ППД1в,,ДН1,ДП1
выщелкнуться,сов,неп,,НБI4,П1,Пв2,С,,,ППД2в,,,ДП1
гавкнуться,сов,неп,,НБI4,П1,Пв2,С,,,ППД2в,,,ДП1
гваздаться,нес,неп,,НБI3,П1,Пв1,,ПНД1,,ППД1в,,ДН1,ДП1
глаголать,нес,пер,,НБI5,П1,Пв3,,ПНД1,ПНС1,ППД1в,,ДН1,ДП1
глобализировать,2в,пер,,НБI9у,П1,Пв1,С,ПНД1,ПНС1,ППД1в,ППС1,ДН1,ДП1
глобализироваться,нес,неп,,НБI9у,П1,Пв1,,ПНД1,,ППД1в,,ДН1,ДП1
глючить,нес,неп,,НБII1,П1,Пв3,,ПНД1,,ППД1в,,ДН2,ДП1
гостевать,нес,неп,,НБI9ю,П1,Пв1,,ПНД1,,ППД1в,,ДН1,ДП1
графствовать,нес,неп,,НБI9у,П1,Пв1,,ПНД1,,ППД1в,,ДН1,ДП1
гурманствовать,нес,неп,,НБI9у,П1,Пв1,,ПНД1,,ППД1в,,ДН1,ДП1
давануть,сов,пер,,НБI4,П1,Пв2,С,,,ППД2в,,,ДП1
деаэрировать,2в,пер,,НБI9у,П1,Пв1,С,ПНД1,ПНС1,ППД1в,ППС1,ДН1,ДП1
девичествовать,нес,неп,,НБI9у,П1,Пв1,,ПНД1,,ППД1в,,ДН1,ДП1
дезактивироваться,2в,неп,,НБI9у,П1,Пв1,С,ПНД1,,ППД1в,,ДН1,ДП1
декадентствовать,нес,неп,,НБI9у,П1,Пв1,,ПНД1,,ППД1в,,ДН1,ДП1
декриминализировать,2в,пер,,НБI9у,П1,Пв1,С,ПНД1,ПНС1,ППД1в,ППС1,ДН1,ДП1
декриминализироваться,2в,неп,,НБI9у,П1,Пв1,С,ПНД1,,ППД1в,,ДН1,ДП1
делывать,нес,пер,,,П1,,,,,ППД1в,,,ДП1
дембельнуться,сов,неп,,НБI4,П1,Пв2,С,,,ППД2в,,,ДП1
демилитаризировать,2в,пер,,НБI9у,П1,Пв1,С,ПНД1,ПНС1,ППД1в,ППС1,ДН1,ДП1
демонизировать,нес,пер,,НБI9у,П1,Пв1,,ПНД1,ПНС1,ППД1в,ППС1,ДН1,ДП1
демпфироваться,2в,неп,,НБI9у,П1,Пв1,С,ПНД1,,ППД1в,,ДН1,ДП1
деноминировать,2в,пер,,НБI9у,П1,Пв1,С,ПНД1,ПНС1,ППД1в,ППС1,ДН1,ДП1
деноминироваться,2в,неп,,НБI9у,П1,Пв1,С,ПНД1,,ППД1в,,ДН1,ДП1
деперсонализировать,2в,пер,,НБI9у,П1,Пв1,С,ПНД1,ПНС1,ППД1в,ППС1,ДН1,ДП1
деперсонализироваться,2в,неп,,НБI9у,П1,Пв1,С,ПНД1,,ППД1в,,ДН1,ДП1
деполитизироваться,2в,неп,,НБI9у,П1,Пв1,С,ПНД1,,ППД1в,,ДН1,ДП1
дестабилизироваться,2в,неп,,НБI9у,П1,Пв1,С,ПНД1,,ППД1в,,ДН1,ДП1
дефлорировать,2в,пер,,НБI9у,П1,Пв1,С,ПНД1,ПНС1,ППД1в,ППС1,ДН1,ДП1
динамить,нес,пер,,НБII2л,П1,Пв3,,ПНД1,ПНС2,ППД1в,,ДН1,ДП1
дирижироваться,нес,неп,,НБI9у,П1,Пв1,,ПНД1,,ППД1в,,ДН1,ДП1
диспансеризовать,2в,пер,,НБI9у,П1,Пв1,С,ПНД1,ПНС1,ППД1в,ППС1,ДН1,ДП1
дистанцироваться,2в,неп,,НБI9у,П1,Пв1,С,ПНД1,,ППД1в,,ДН1,ДП1
добросаться,сов,неп,,НБI3,П1,Пв1,С,,,ППД1в,,,ДП1
доверчивать,нес,пер,,НБI3,П1,Пв1,,ПНД1,ПНС1,ППД1в,,ДН1,ДП1
доверчиваться,нес,неп,,НБI3,П1,Пв1,,ПНД1,,ППД1в,,ДН1,ДП1
догибать,нес,пер,,НБI3,П1,Пв1,,ПНД1,ПНС1,ППД1в,,ДН1,ДП1
догнуть,сов,пер,,НБI4,П1,Пв2,С,,,ППД2в,ППС3,,ДП1
догоняться,нес,неп,,НБI3,П1,Пв1,,ПНД1,,ППД1в,,ДН1,ДП1
догоняться,сов,неп,,НБI3,П1,Пв1,С,,,ППД1в,,,ДП1
додоить,сов,пер,,НБII2,П1,Пв2!,С,,,ППД1в,ППС2,,ДП2
дозаседаться,сов,неп,,НБI3,П1,Пв1,С,,,ППД1в,,,ДП1
докарябать,сов,пер,,НБI3,П1,Пв1,С,,,ППД1в,ППС1,,ДП1
докраситься,сов,неп,,НБII3ш,П1,Пв3,С,,,ППД1в,,,ДП2
докумекать,сов,неп,,НБI3,П1,Пв1,С,,,ППД1в,,,ДП1
долбануться,сов,неп,,НБI4,П1,Пв2,С,,,ППД2в,,,ДП1
домерять,нес,пер,,НБI3,П1,Пв1,,ПНД1,ПНС1,ППД1в,,ДН1,ДП1
домушничать,нес,неп,,НБI3,П1,Пв1,,ПНД1,,ППД1в,,ДН1,ДП1
допетрить,сов,неп,,НБII2,П1,Пв2!,С,,,ППД1в,,,ДП2
доплавить,сов,пер,,НБII2л,П1,Пв3,С,,,ППД1в,ППС2,,ДП2
доплакать,сов,неп,,НБI6ч,П1,Пв3,С,,,ППД1в,,,ДП1
доплакаться,сов,неп,,НБI6ч,П1,Пв3,С,,,ППД1в,,,ДП1
доползаться,сов,неп,,НБI3,П1,Пв1,С,,,ППД1в,,,ДП1
допринимать,сов,пер,,НБI3,П1,Пв1,С,,,ППД1в,,,ДП1
дорисоваться,сов,неп,,НБI9у,П1,Пв1,С,,,ППД1в,,,ДП1
доскрипеть,сов,неп,,НБII2л,П1,Пв2!,С,,,ППД1в,,,ДП2
досмешить,сов,пер,,НБII1,П1,Пв2!,С,,,ППД1в,,,ДП3
досниматься,сов,неп,,НБI3,П1,Пв1,С,,,ППД1в,,,ДП1
достукать,сов,пер,,НБI3,П1,Пв1,С,,,ППД1в,ППС1,,ДП1
дотребовать,сов,пер,,НБI9у,П1,Пв1,С,,,ППД1в,ППС1,,ДП1
дотрепаться,сов,неп,,НБI5л&I-II1,П1,Пв2|2,С(2),,,ППД1в,,,ДП1
дотумкать,сов,неп,,НБI3,П1,Пв1,С,,,ППД1в,,,ДП1
дотыкать,сов,пер,,НБI3&6ч,П1,Пв1|3,С(2),,,ППД1в,ППС1,,ДП1
дохвалить,сов,пер,,НБII2,П1,Пв2!,С,,,ППД1в,ППС2,,ДП2
дохвастать,сов,неп,,НБI3,П1,Пв1,С,,,ППД1в,,,ДП1
дохвататься,сов,неп,,НБI3,П1,Пв1,С,,,ППД1в,,,ДП1
дохихикать,сов,неп,,НБI3,П1,Пв1,С,,,ППД1в,,,ДП1
дохлестаться,сов,неп,,НБI8щ,П1,Пв2,С,,,ППД1в,,,ДП1
дристать,нес,неп,,НБI8щ,П1,Пв2,,ПНД1,,ППД1в,,ДН2,ДП1
жахнуться,сов,неп,,НБI4,П1,Пв2,С,,,ППД2в,,,ДП1
жмотиться,нес,неп,,НБII3ч,П1,Пв3,,ПНД1,,ППД1в,,ДН1,ДП1
жопить,нес,пер,,НБII2л,П1,Пв3,,ПНД1,ПНС2,ППД1в,,ДН1,ДП1
жопиться,нес,неп,,НБII2л,П1,Пв3,,ПНД1,,ППД1в,,ДН1,ДП1
заархивировать,сов,пер,,НБI9у,П1,Пв1,С,,,ППД1в,ППС1,,ДП1
забалдеть,сов,неп,,НБI3,П1,Пв1,С,,,ППД1в,,,ДП1
забанить,сов,пер,,НБII2,П1,Пв3,С,,,ППД1в,ППС2,,ДП2
забибикать,сов,неп,,НБI3,П1,Пв1,С,,,ППД1в,,,ДП1
завихряться,нес,неп,,НБI3,П1,Пв1,,ПНД1,,ППД1в,,ДН1,ДП1
завякать,сов,пер,,НБI3,П1,Пв1,С,,,ППД1в,ППС1,,ДП1
загазовать,сов,пер,,НБI9у,П1,Пв1,С,,,ППД1в,ППС1,,ДП1
заглючить,сов,неп,,НБII1,П1,Пв3,С,,,ППД1в,,,ДП3
задекларировать,сов,пер,,НБI9у,П1,Пв1,С,,,ППД1в,ППС1,,ДП1
задокументировать,сов,пер,,НБI9у,П1,Пв1,С,,,ППД1в,ППС1,,ДП1
зажопить,сов,пер,,НБII2л,П1,Пв3,С,,,ППД1в,ППС2,,ДП2
закадрить,сов,пер,,НБII2,П1,Пв2!,С,,,ППД1в,ППС2,,ДП2
закимарить,сов,неп,,НБII2,П1,Пв3,С,,,ППД1в,,,ДП2
закодироваться,сов,неп,,НБI9у,П1,Пв1,С,,,ППД1в,,,ДП1
заколбасить,сов,пер,,НБII3ш,П1,Пв3,С,,,ППД1в,ППС2,,ДП2
закомплексовать,сов,неп,,НБI9у,П1,Пв1,С,,,ППД1в,,,ДП1
закорешиться,сов,неп,,НБII1,П1,Пв2!,С,,,ППД1в,,,ДП3
залупаться,нес,неп,,НБI3,П1,Пв1,,ПНД1,,ППД1в,,ДН1,ДП1
замаривать,нес,пер,,НБI3,П1,Пв1,,ПНД1,ПНС1,ППД1в,,ДН1,ДП1
заматериться,сов,неп,,НБII2,П1,Пв2!,С,,,ППД1в,,,ДП2
замитинговать,сов,неп,,НБI9у,П1,Пв1,С,,,ППД1в,,,ДП1
замуслякать,сов,пер,,НБI3,П1,Пв1,С,,,ППД1в,ППС1,,ДП1
заныкаться,сов,неп,,НБI3,П1,Пв1,С,,,ППД1в,,,ДП1
занюнить,сов,неп,,НБII2,П1,Пв3,С,,,ППД1в,,,ДП2
запаролить,сов,пер,,НБII2,П1,Пв3,С,,,ППД1в,ППС2,,ДП2
заполоть,сов,пер,,НБI5,П1,Пв2,С,,,ППД1в,ППС3,,ДП1
запрыщаветь,сов,неп,,НБI3,П1,Пв1,С,,,ППД1в,,,ДП1
зарегламентировать,сов,пер,,НБI9у,П1,Пв1,С,,,ППД1в,ППС1,,ДП1
зарешечивать,нес,пер,,НБI3,П1,Пв1,,ПНД1,ПНС1,ППД1в,,ДН1,ДП1
зарешечиваться,нес,неп,,НБI3,П1,Пв1,,ПНД1,,ППД1в,,ДН1,ДП1
засандаливать,нес,неп,,НБI3,П1,Пв1,,ПНД1,,ППД1в,,ДН1,ДП1
засандалить,сов,неп,,НБII2,П1,Пв3,С,,,ППД1в,,,ДП2
засирать,нес,пер,,НБI3,П1,Пв1,,ПНД1,ПНС1,ППД1в,,ДН1,ДП1
заскромничать,сов,неп,,НБI3,П1,Пв1,С,,,ППД1в,,,ДП1
заскрытничать,сов,неп,,НБI3,П1,Пв1,С,,,ППД1в,,,ДП1
засопливеть,сов,неп,,НБI3,П1,Пв1,С,,,ППД1в,,,ДП1
заталдычить,сов,пер,,НБII1,П1,Пв3,С,,,ППД1в,ППС2,,ДП3
затерроризировать,сов,пер,,НБI9у,П1,Пв1,С,,,ППД1в,ППС1,,ДП1
затихарить,сов,пер,,НБII2,П1,Пв2!,С,,,ППД1в,ППС2,,ДП2
затихариться,сов,неп,,НБII2,П1,Пв2!,С,,,ППД1в,,,ДП2
затрахаться,сов,неп,,НБI3,П1,Пв1,С,,,ППД1в,,,ДП1
затрахивать,нес,пер,,НБI3,П1,Пв1,,ПНД1,ПНС1,ППД1в,,ДН1,ДП1
затюкивать,нес,пер,,НБI3,П1,Пв1,,ПНД1,ПНС1,ППД1в,,ДН1,ДП1
зауживаться,нес,неп,,НБI3,П1,Пв1,,ПНД1,,ППД1в,,ДН1,ДП1
захамить,сов,неп,,НБII2л,П1,Пв2!,С,,,ППД1в,,,ДП2
захапываться,нес,неп,,НБI3,П1,Пв1,,ПНД1,,ППД1в,,ДН1,ДП1
захвататься,сов,неп,,НБI3,П1,Пв1,С,,,ППД1в,,,ДП1
зацеловываться,нес,неп,,НБI3,П1,Пв1,,ПНД1,,ППД1в,,ДН1,ДП1
зацикливаться,нес,неп,,НБI3,П1,Пв1,,ПНД1,,ППД1в,,ДН1,ДП1
зациклиться,сов,неп,,НБII2,П1,Пв2!,С,,,ППД1в,,,ДП2
зачаться,сов,неп,,НБI4н,П1,Пв2,,ПНД1,,ППД1в,,,ДП1
зачертиться,сов,неп,,НБII3ч,П1,Пв2!,С,,,ППД1в,,,ДП2
зашвыркать,сов,неп,,НБI3,П1,Пв1,С,,,ППД1в,,,ДП1
заэкранировать,сов,пер,,НБI9у,П1,Пв1,С,,,ППД1в,ППС1,,ДП1
здоровкаться,нес,неп,,НБI3,П1,Пв1,,ПНД1,,ППД1в,,ДН1,ДП1
зомбироваться,нес,неп,,НБI9у,П1,Пв1,,ПНД1,,ППД1в,,ДН1,ДП1
зырить,нес,пер,,НБII2,П1,Пв3,,ПНД1,,ППД1в,ППС2,ДН1,ДП1
измазюкать,сов,пер,,НБI3,П1,Пв1,С,,,ППД1в,ППС1,,ДП1
измазюкаться,сов,неп,,НБI3,П1,Пв1,С,,,ППД1в,,,ДП1
измуслякать,сов,пер,,НБI3,П1,Пв1,С,,,ППД1в,ППС1,,ДП1
изныться,сов,неп,,НБI5о,П1,Пв1,С,,,ППД1в,,,ДП1
имплантировать,2в,пер,,НБI9у,П1,Пв1,С,ПНД1,ПНС1,ППД1в,ППС1,ДН1,ДП1
индексироваться,2в,неп,,НБI9у,П1,Пв1,С,ПНД1,,ППД1в,,ДН1,ДП1
индуцировать,2в,пер,,НБI9у,П1,Пв1,С,ПНД1,ПНС1,ППД1в,ППС1,ДН1,ДП1
индуцироваться,2в,неп,,НБI9у,П1,Пв1,С,ПНД1,,ППД1в,,ДН1,ДП1
инспектироваться,нес,неп,,НБI9у,П1,Пв1,,ПНД1,,ППД1в,,ДН1,ДП1
инсталлировать,2в,пер,,НБI9у,П1,Пв1,С,ПНД1,ПНС1,ППД1в,ППС1,ДН1,ДП1
инсталлироваться,2в,неп,,НБI9у,П1,Пв1,С,ПНД1,,ППД1в,,ДН1,ДП1
инструментоваться,2в,неп,,НБI9у,П1,Пв1,С,ПНД1,,ППД1в,,ДН1,ДП1
испереживаться,сов,неп,,НБI3,П1,Пв1,С,,,ППД1в,,,ДП1
кадрить,нес,пер,,НБII2,П1,Пв2!,,ПНД1,ПНС2,ППД1в,ППС2,ДН1,ДП1
кадриться,нес,неп,,НБII2,П1,Пв2!,,ПНД1,,ППД1в,,ДН1,ДП1
кайфануть,сов,неп,,НБI4,П1,Пв2,С,,,ППД2в,,,ДП1
какаться,нес,неп,,НБI3,П1,Пв1,,ПНД1,,ППД1в,,ДН1,ДП1
камуфлироваться,нес,неп,,НБI9у,П1,Пв1,,ПНД1,,ППД1в,,ДН1,ДП1
канализовать,2в,пер,,НБI9у,П1,Пв1,С,ПНД1,ПНС1,ППД1в,ППС1,ДН1,ДП1
картировать,2в,пер,,НБI9у,П1,Пв1,С,ПНД1,ПНС1,ППД1в,ППС1,ДН1,ДП1
картироваться,нес,неп,,НБI9у,П1,Пв1,,ПНД1,,ППД1в,,ДН1,ДП1
катануть,сов,пер,,НБI4,П1,Пв2,С,,,ППД2в,,,ДП1
квотировать,2в,пер,,НБI9у,П1,Пв1,С,ПНД1,ПНС1,ППД1в,ППС1,ДН1,ДП1
квотироваться,нес,неп,,НБI9у,П1,Пв1,,ПНД1,,ППД1в,,ДН1,ДП1
кернить,нес,пер,,НБII2,П1,Пв2!,,ПНД1,ПНС2,ППД1в,ППС2,ДН1,ДП1
керосинить,нес,неп,,НБII2,П1,Пв3,,ПНД1,,ППД1в,,ДН1,ДП1
кимарить,нес,неп,,НБII2,П1,Пв3,,ПНД1,,ППД1в,,ДН1,ДП1
клинить,нес,неп,,НБII2,П1,Пв3,,ПНД1,,ППД1в,,ДН1,ДП1
клонироваться,нес,неп,,НБI9у,П1,Пв1,,ПНД1,,ППД1в,,ДН1,ДП1
колбасить,нес,пер,,НБII3ш,П1,Пв3,,ПНД1,ПНС2,ППД1в,,ДН1,ДП1
колбаситься,нес,неп,,НБII3ш,П1,Пв3,,ПНД1,,ППД1в,,ДН1,ДП1
коммерциализировать,2в,пер,,НБI9у,П1,Пв1,С,ПНД1,ПНС1,ППД1в,ППС1,ДН1,ДП1
коммерциализироваться,2в,неп,,НБI9у,П1,Пв1,С,ПНД1,,ППД1в,,ДН1,ДП1
компьютеризировать,2в,пер,,НБI9у,П1,Пв1,С,ПНД1,ПНС1,ППД1в,ППС1,ДН1,ДП1
компьютеризироваться,нес,неп,,НБI9у,П1,Пв1,,ПНД1,,ППД1в,,ДН1,ДП1
конать,нес,пер,,НБI3,П1,Пв1,,ПНД1,ПНС1,ППД1в,,ДН1,ДП1
коннектиться,нес,неп,,НБII3ч,П1,Пв2!,,ПНД1,,ППД1в,,ДН1,ДП1
контачить,нес,неп,,НБII1,П1,Пв3,,ПНД1,,ППД1в,,ДН2,ДП1
конфронтировать,нес,неп,,НБI9у,П1,Пв1,,ПНД1,,ППД1в,,ДН1,ДП1
корешевать,нес,неп,,НБI9у,П1,Пв1,,ПНД1,,ППД1в,,ДН1,ДП1
корешить,нес,неп,,НБII1,П1,Пв2!,,ПНД1,,ППД1в,,ДН2,ДП1
корешиться,нес,неп,,НБII1,П1,Пв2!,,ПНД1,,ППД1в,,ДН2,ДП1
коррелировать,нес,неп,,НБI9у,П1,Пв1,,ПНД1,,ППД1в,,ДН1,ДП1
костить,нес,пер,,НБII5щ,П1,Пв2!,,ПНД1,ПНС2,ППД1в,ППС2,ДН1,ДП1
крезануться,сов,неп,,НБI4,П1,Пв2,С,,,ППД2в,,,ДП1
криминализировать,2в,пер,,НБI9у,П1,Пв1,С,ПНД1,ПНС1,ППД1в,ППС1,ДН1,ДП1
криминализироваться,2в,неп,,НБI9у,П1,Пв1,С,ПНД1,,ППД1в,,ДН1,ДП1
крышевать,нес,пер,,НБI9у,П1,Пв1,,ПНД1,ПНС1,ППД1в,ППС1,ДН1,ДП1
ксерить,нес,пер,,НБII2,П1,Пв3,,ПНД1,ПНС2,ППД1в,ППС2,ДН1,ДП1
ксериться,нес,неп,,НБII2,П1,Пв3,,ПНД1,,ППД1в,,ДН1,ДП1
купажировать,нес,пер,,НБI9у,П1,Пв1,,ПНД1,ПНС1,ППД1в,ППС1,ДН1,ДП1
купорить,нес,пер,,НБII2,П1,Пв2!&3,,ПНД1,ПНС2,ППД1в,,ДН1,ДП1
кучковаться,нес,неп,,НБI9у,П1,Пв1,,ПНД1,,ППД1в,,ДН1,ДП1
лабать,нес,пер,,НБI3,П1,Пв1,,ПНД1,ПНС1,ППД1в,,ДН1,ДП1
лажануться,сов,неп,,НБI4,П1,Пв2,С,,,ППД2в,,,ДП1
лажать,нес,неп,,НБI3,П1,Пв1,,ПНД1,,ППД1в,,ДН1,ДП1
ламинировать,нес,пер,,НБI9у,П1,Пв1,,ПНД1,ПНС1,ППД1в,ППС1,ДН1,ДП1
ламинироваться,нес,неп,,НБI9у,П1,Пв1,,ПНД1,,ППД1в,,ДН1,ДП1
левитировать,нес,неп,,НБI9у,П1,Пв1,,ПНД1,,ППД1в,,ДН1,ДП1
либерализовать,2в,пер,,НБI9у,П1,Пв1,С,ПНД1,ПНС1,ППД1в,ППС1,ДН1,ДП1
либерализоваться,2в,неп,,НБI9у,П1,Пв1,С,ПНД1,,ППД1в,,ДН1,ДП1
лицензироваться,нес,неп,,НБI9у,П1,Пв1,,ПНД1,,ППД1в,,ДН1,ДП1
лоббироваться,нес,неп,,НБI9у,П1,Пв1,,ПНД1,,ППД1в,,ДН1,ДП1
лупасить,нес,пер,,НБII3-,П1,Пв3,,ПНД1,ПНС2,ППД1в,,ДН1,ДП1
макетироваться,нес,неп,,НБI9у,П1,Пв1,,ПНД1,,ППД1в,,ДН1,ДП1
маргинализироваться,2в,неп,,НБI9у,П1,Пв1,С,ПНД1,,ППД1в,,ДН1,ДП1
материализовывать,нес,пер,,НБI3,П1,Пв1,,ПНД1,ПНС1,ППД1в,,ДН1,ДП1
мелировать,2в,пер,,НБI9у,П1,Пв1,С,ПНД1,ПНС1,ППД1в,ППС1,ДН1,ДП1
мелироваться,нес,неп,,НБI9у,П1,Пв1,,ПНД1,,ППД1в,,ДН1,ДП1
меряться,нес,неп,,НБI3,П1,Пв1,,ПНД1,,ППД1в,,ДН1,ДП1
микшировать,2в,пер,,НБI9у,П1,Пв1,С,ПНД1,ПНС1,ППД1в,ППС1,ДН1,ДП1
микшироваться,нес,неп,,НБI9у,П1,Пв1,,ПНД1,,ППД1в,,ДН1,ДП1
мимикрировать,2в,неп,,НБI9у,П1,Пв1,С,ПНД1,,ППД1в,,ДН1,ДП1
минимизироваться,2в,неп,,НБI9у,П1,Пв1,С,ПНД1,,ППД1в,,ДН1,ДП1
минусовать,нес,пер,,НБI9у,П1,Пв1,,ПНД1,ПНС1,ППД1в,ППС1,ДН1,ДП1
минусоваться,нес,неп,,НБI9у,П1,Пв1,,ПНД1,,ППД1в,,ДН1,ДП1
мкнуть,нес,неп,б,НБI4-,П1-,Пв2-,,,,,,,
мобилизовывать,нес,пер,,НБI3,П1,Пв1,,ПНД1,ПНС1,ППД1в,,ДН1,ДП1
мобилизовываться,нес,неп,,НБI3,П1,Пв1,,ПНД1,,ППД1в,,ДН1,ДП1
моржевать,нес,неп,,НБI9у,П1,Пв1,,ПНД1,,ППД1в,,ДН1,ДП1
мотануть,сов,пер,,НБI4,П1,Пв2,С,,,ППД2в,,,ДП1
мурыжиться,нес,неп,,НБII1,П1,Пв3,,ПНД1,,ППД1в,,ДН2,ДП1
муслякать,нес,пер,,НБI3,П1,Пв1,,ПНД1,ПНС1,ППД1в,ППС1,ДН1,ДП1
набздеть,сов,неп,,НБII3-,П1,Пв2!,С,,,ППД1в,,,ДП2
набычиваться,нес,неп,,НБI3,П1,Пв1,,ПНД1,,ППД1в,,ДН1,ДП1
наволакиваться,нес,неп,,НБI3,П1,Пв1,,ПНД1,,ППД1в,,ДН1,ДП1
наглядеть,сов,пер,,НБII3ж,П1,Пв2!,С,,,ППД1в,,,ДП2
надариваться,нес,неп,,НБI3,П1,Пв1,,ПНД1,,ППД1в,,ДН1,ДП1
надиктовать,сов,пер,,НБI9у,П1,Пв1,С,,,ППД1в,ППС1,,ДП1
надиктовывать,нес,пер,,НБI3,П1,Пв1,,ПНД1,ПНС1,ППД1в,,ДН1,ДП1
надиктовываться,нес,неп,,НБI3,П1,Пв1,,ПНД1,,ППД1в,,ДН1,ДП1
надристать,сов,пер,,НБI8щ,П1,Пв2,С,,,ППД1в,ППС1,,ДП1
надыбать,сов,пер,,НБI3,П1,Пв1,С,,,ППД1в,ППС1,,ДП1
наишачиться,сов,неп,,НБII1,П1,Пв3,С,,,ППД1в,,,ДП3
накакать,сов,пер,,НБI3,П1,Пв1,С,,,ППД1в,ППС1,,ДП1
накалякать,сов,пер,,НБI3,П1,Пв1,С,,,ППД1в,ППС1,,ДП1
накернить,сов,пер,,НБII2,П1,Пв2!,С,,,ППД1в,ППС2,,ДП2
наконсервировать,сов,пер,,НБI9у,П1,Пв1,С,,,ППД1в,ППС1,,ДП1
налепливать,нес,пер,,НБI3,П1,Пв1,,ПНД1,ПНС1,ППД1в,,ДН1,ДП1
намазюкивать,нес,пер,,НБI3,П1,Пв1,,ПНД1,ПНС1,ППД1в,,ДН1,ДП1
намазюкиваться,нес,неп,,НБI3,П1,Пв1,,ПНД1,,ППД1в,,ДН1,ДП1
намарафетить,сов,пер,,НБII3ч,П1,Пв3,С,,,ППД1в,ППС2,,ДП2
намарафетиться,сов,неп,,НБII3ч,П1,Пв3,С,,,ППД1в,,,ДП2
намаркировать,сов,пер,,НБI9у,П1,Пв1,С,,,ППД1в,ППС1,,ДП1
намуслякать,сов,пер,,НБI3,П1,Пв1,С,,,ППД1в,ППС1,,ДП1
намухлевать,сов,неп,,НБI9ю,П1,Пв1,С,,,ППД1в,,,ДП1
наобщаться,сов,неп,,НБI3,П1,Пв1,С,,,ППД1в,,,ДП1
наотдыхаться,сов,неп,,НБI3,П1,Пв1,С,,,ППД1в,,,ДП1
наперчивать,нес,пер,,НБI3,П1,Пв1,,ПНД1,ПНС1,ППД1в,,ДН1,ДП1
наприглашать,сов,пер,,НБI3,П1,Пв1,С,,,ППД1в,,,ДП1
нарыться,сов,неп,,НБI5о,П1,Пв1,С,,,ППД1в,,,ДП1
наскребаться,нес,неп,,НБI3,П1,Пв1,,ПНД1,,ППД1в,,ДН1,ДП1
наспекулировать,сов,неп,,НБI9у,П1,Пв1,С,,,ППД1в,,,ДП1
насрать,сов,пер,,НБI4,П1,Пв2,С,,,ППД1в,ППС1,,ДП1
нассать,сов,пер,,НБI-II3,П1,Пв4,С,,,ППД1в,ППС1,,ДП1
наставничать,нес,неп,,НБI3,П1,Пв1,,ПНД1,,ППД1в,,ДН1,ДП1
настругаться,сов,неп,,НБI3,П1,Пв1,С,,,ППД1в,,,ДП1
настругивать,нес,пер,,НБI3,П1,Пв1,,ПНД1,ПНС1,ППД1в,,ДН1,ДП1
настряпывать,нес,неп,,НБI3,П1,Пв1,,ПНД1,,ППД1в,,ДН1,ДП1
настырничать,нес,неп,,НБI3,П1,Пв1,,ПНД1,,ППД1в,,ДН1,ДП1
натибрить,сов,пер,,НБII2,П1,Пв2!,С,,,ППД1в,ППС2,,ДП2
натыбзить,сов,пер,,НБII2+3ж,П1,Пв2!,С,,,ППД1в,ППС5ж,,ДП2
натырить,сов,пер,,НБII2,П1,Пв3,С,,,ППД1в,ППС2,,ДП2
натюкать,сов,пер,,НБI3,П1,Пв1,С,,,ППД1в,ППС1,,ДП1
натягать,сов,пер,,НБI3,П1,Пв1,С,,,ППД1в,ППС1,,ДП1
наузнавать,сов,пер,,НБI7,П1,Пв1*,С,,,ППД1в,,,ДП1
наутюживаться,нес,неп,,НБI3,П1,Пв1,,ПНД1,,ППД1в,,ДН1,ДП1
наутюжиться,сов,неп,,НБII1,П1,Пв3,С,,,ППД1в,,,ДП3
нафоткать,сов,пер,,НБI3,П1,Пв1,С,,,ППД1в,ППС1,,ДП1
нахапывать,нес,пер,,НБI3,П1,Пв1,,ПНД1,ПНС1,ППД1в,,ДН1,ДП1
начиниться,сов,неп,,НБII2,П1,Пв2!,С,,,ППД1в,,,ДП2
начирикать,сов,неп,,НБI3,П1,Пв1,С,,,ППД1в,,,ДП1
начудесить,сов,неп,,НБII3-,П1,Пв3,С,,,ППД1в,,,ДП2
нашкодничать,сов,неп,,НБI3,П1,Пв1,С,,,ППД1в,,,ДП1
нащебетать,сов,пер,,НБI6ч,П1,Пв2,С,,,ППД1в,ППС1,,ДП1
недобросить,сов,пер,,НБII3ш,П1,Пв3,С,,,ППД1в,ППС2,,ДП2
недовертеть,сов,пер,,НБII3ч,П1,Пв2!,С,,,ППД1в,ППС2,,ДП2
недоверчивать,нес,пер,,НБI3,П1,Пв1,,ПНД1,ПНС1,ППД1в,,ДН1,ДП1
недовязывать,нес,пер,,НБI3,П1,Пв1,,ПНД1,ПНС1,ППД1в,,ДН1,ДП1
недогорать,нес,неп,,НБI3,П1,Пв1,,ПНД1,,ППД1в,,ДН1,ДП1
недогореть,сов,неп,,НБII2,П1,Пв2!,С,,,ППД1в,,,ДП2
недогреть,сов,пер,,НБI3,П1,Пв1,С,,,ППД1в,ППС3,,ДП1
недогружаться,нес,неп,,НБI3,П1,Пв1,,ПНД1,,ППД1в,,ДН1,ДП1
недоделываться,нес,неп,,НБI3,П1,Пв1,,ПНД1,,ППД1в,,ДН1,ДП1
недодерживаться,нес,неп,,НБI3,П1,Пв1,,ПНД1,,ППД1в,,ДН1,ДП1
недожариваться,нес,неп,,НБI3,П1,Пв1,,ПНД1,,ППД1в,,ДН1,ДП1
недожариться,сов,неп,,НБII2,П1,Пв3,С,,,ППД1в,,,ДП2
недожигаться,нес,неп,,НБI3,П1,Пв1,,ПНД1,,ППД1в,,ДН1,ДП1
недожиматься,нес,неп,,НБI3,П1,Пв1,,ПНД1,,ППД1в,,ДН1,ДП1
недожинаться,нес,неп,,НБI3,П1,Пв1,,ПНД1,,ППД1в,,ДН1,ДП1
недокаливаться,нес,неп,,НБI3,П1,Пв1,,ПНД1,,ППД1в,,ДН1,ДП1
недокосить,сов,пер,,НБII3ш,П1,Пв2!,С,,,ППД1в,ППС2,,ДП2
недокурить,сов,пер,,НБII2,П1,Пв2!,С,,,ППД1в,ППС2,,ДП2
недоливаться,нес,неп,,НБI3,П1,Пв1,,ПНД1,,ППД1в,,ДН1,ДП1
недомолоть,сов,пер,,НБI9е,П1,Пв2,С,,,ППД1в,ППС3,,ДП1
недомывать,нес,пер,,НБI3,П1,Пв1,,ПНД1,ПНС1,ППД1в,,ДН1,ДП1
недопевать,нес,пер,,НБI3,П1,Пв1,,ПНД1,ПНС1,ППД1в,,ДН1,ДП1
недопеть,сов,пер,,НБI5о,П1,Пв1,С,,,ППД1в,ППС3,,ДП1
недоплачиваться,нес,неп,,НБI3,П1,Пв1,,ПНД1,,ППД1в,,ДН1,ДП1
недопоставить,сов,пер,,НБII2л,П1,Пв3,С,,,ППД1в,ППС2,,ДП2
недопоставлять,нес,пер,,НБI3,П1,Пв1,,ПНД1,ПНС1,ППД1в,,ДН1,ДП1
недопоставляться,нес,неп,,НБI3,П1,Пв1,,ПНД1,,ППД1в,,ДН1,ДП1
недопотребить,сов,пер,,НБII2л,П1,Пв2!,С,,,ППД1в,ППС2,,ДП2
недопотреблять,нес,пер,,НБI3,П1,Пв1,,ПНД1,ПНС1,ППД1в,,ДН1,ДП1
недопотребляться,нес,неп,,НБI3,П1,Пв1,,ПНД1,,ППД1в,,ДН1,ДП1
недопроизвести,сов,пер,,НБI4д,П1,Пв2,С,,,ППД1в,ППС2,,ДП8
недопроизводить,нес,пер,,НБII3ж,П1,Пв2!,,ПНД1,ПНС2,ППД1в,,ДН1,ДП1
недопроизводиться,нес,неп,,НБII3ж,П1,Пв2!,,ПНД1,,ППД1в,,ДН1,ДП1
недорабатываться,нес,неп,,НБI3,П1,Пв1,,ПНД1,,ППД1в,,ДН1,ДП1
недорасти,сов,неп,,НБI1,П10о,Пв2**,С,,,ППД1в,,,ДП4
недорасходовать,сов,пер,,НБI9у,П1,Пв1,С,,,ППД1в,ППС1,,ДП1
недорисовать,сов,пер,,НБI9у,П1,Пв1,С,,,ППД1в,ППС1,,ДП1
недорисовывать,нес,пер,,НБI3,П1,Пв1,,ПНД1,ПНС1,ППД1в,,ДН1,ДП1
недорисовываться,нес,неп,,НБI3,П1,Пв1,,ПНД1,,ППД1в,,ДН1,ДП1
недосматриваться,нес,неп,,НБI3,П1,Пв1,,ПНД1,,ППД1в,,ДН1,ДП1
недоснабдить,сов,пер,,НБII3ж,П1,Пв2!,С,,,ППД1в,ППС2,,ДП2
недостроить,сов,пер,,НБII2,П1,Пв1,С,,,ППД1в,ППС2,,ДП2
недосушиваться,нес,неп,,НБI3,П1,Пв1,,ПНД1,,ППД1в,,ДН1,ДП1
недочитать,сов,пер,,НБI3,П1,Пв1,С,,,ППД1в,ППС1,,ДП1
недочитывать,нес,пер,,НБI3,П1,Пв1,,ПНД1,ПНС1,ППД1в,,ДН1,ДП1
некать,нес,неп,,НБI3,П1,Пв1,,ПНД1,,ППД1в,,ДН1,ДП1
номинировать,2в,пер,,НБI9у,П1,Пв1,С,ПНД1,ПНС1,ППД1в,ППС1,ДН1,ДП1
номинироваться,2в,неп,,НБI9у,П1,Пв1,С,ПНД1,,ППД1в,,ДН1,ДП1
ностальгировать,нес,неп,,НБI9у,П1,Пв1,,ПНД1,,ППД1в,,ДН1,ДП1
ныкаться,нес,неп,,НБI3,П1,Пв1,,ПНД1,,ППД1в,,ДН1,ДП1
обарахлиться,сов,неп,,НБII2,П1,Пв2!,С,,,ППД1в,,,ДП2
обарбоситься,сов,неп,,НБII3-,П1,Пв3,С,,,ППД1в,,,ДП2
обдристать,сов,пер,,НБI8щ,П1,Пв2,С,,,ППД1в,ППС1,,ДП1
обдристаться,сов,неп,,НБI8щ,П1,Пв2,С,,,ППД1в,,,ДП1
обездвижить,сов,пер,,НБII1,П1,Пв3,С,,,ППД1в,ППС2,,ДП3
обезналичивать,нес,пер,,НБI3,П1,Пв1,,ПНД1,ПНС1,ППД1в,,ДН1,ДП1
обезналичить,сов,пер,,НБII1,П1,Пв3,С,,,ППД1в,ППС2,,ДП3
обилетить,сов,пер,,НБII3ч,П1,Пв3,С,,,ППД1в,ППС2,,ДП2
обилечивать,нес,пер,,НБI3,П1,Пв1,,ПНД1,ПНС1,ППД1в,,ДН1,ДП1
обкакать,сов,пер,,НБI3,П1,Пв1,С,,,ППД1в,ППС1,,ДП1
обкакаться,сов,неп,,НБI3,П1,Пв1,С,,,ППД1в,,,ДП1
облажаться,сов,неп,,НБI3,П1,Пв1,С,,,ППД1в,,,ДП1
облапать,сов,пер,,НБI3,П1,Пв1,С,,,ППД1в,ППС1,,ДП1
облокачивать,нес,пер,,НБI3,П1,Пв1,,ПНД1,ПНС1,ППД1в,,ДН1,ДП1
обматюгать,сов,пер,,НБI3,П1,Пв1,С,,,ППД1в,ППС1,,ДП1
обмахать,сов,пер,,НБI3&6ш,П1,Пв1|2,С(2),,,ППД1в,ППС1,,ДП1
обмозговываться,нес,неп,,НБI3,П1,Пв1,,ПНД1,,ППД1в,,ДН1,ДП1
обмуслякать,сов,пер,,НБI3,П1,Пв1,С,,,ППД1в,ППС1,,ДП1
обналичивать,нес,пер,,НБI3,П1,Пв1,,ПНД1,ПНС1,ППД1в,,ДН1,ДП1
обналичиваться,нес,неп,,НБI3,П1,Пв1,,ПНД1,,ППД1в,,ДН1,ДП1
обналичить,сов,пер,,НБII1,П1,Пв3,С,,,ППД1в,ППС2,,ДП3
обналичиться,сов,неп,,НБII1,П1,Пв3,С,,,ППД1в,,,ДП3
обосрать,сов,пер,,НБI4,П1,Пв2,С,,,ППД1в,ППС1,,ДП1
обосраться,сов,неп,,НБI4,П1,Пв2,С,,,ППД1в,,,ДП1
обоссать,сов,пер,,НБI-II3,П1,Пв4,С,,,ППД1в,ППС1,,ДП1
обоссаться,сов,неп,,НБI-II3,П1,Пв4,С,,,ППД1в,,,ДП1
обсикать,сов,пер,,НБI3,П1,Пв1,С,,,ППД1в,ППС1,,ДП1
обсикаться,сов,неп,,НБI3,П1,Пв1,С,,,ППД1в,,,ДП1
обсирать,нес,пер,,НБI3,П1,Пв1,,ПНД1,ПНС1,ППД1в,,ДН1,ДП1
обсираться,нес,неп,,НБI3,П1,Пв1,,ПНД1,,ППД1в,,ДН1,ДП1
обсказать,сов,пер,,НБI6ж,П1,Пв2,С,,,ППД1в,ППС1,,ДП1
обсказывать,нес,пер,,НБI3,П1,Пв1,,ПНД1,ПНС1,ППД1в,,ДН1,ДП1
обстругивать,нес,пер,,НБI3,П1,Пв1,,ПНД1,ПНС1,ППД1в,,ДН1,ДП1
обстругиваться,нес,неп,,НБI3,П1,Пв1,,ПНД1,,ППД1в,,ДН1,ДП1
обтяпывать,нес,пер,,НБI3,П1,Пв1,,ПНД1,ПНС1,ППД1в,,ДН1,ДП1
обуславливаться,нес,неп,,НБI3,П1,Пв1,,ПНД1,,ППД1в,,ДН1,ДП1
обустраиваться,нес,неп,,НБI3,П1,Пв1,,ПНД1,,ППД1в,,ДН1,ДП1
обшмонать,сов,пер,,НБI3,П1,Пв1,С,,,ППД1в,,,ДП1
оглоушить,сов,пер,,НБII1,П1,Пв3,С,,,ППД1в,ППС2,,ДП3
огорашивать,нес,пер,,НБI3,П1,Пв1,,ПНД1,ПНС1,ППД1в,,ДН1,ДП1
одеколонить,нес,пер,,НБII2,П1,Пв3,,ПНД1,ПНС2,ППД1в,ППС1,ДН1,ДП1
одорировать,2в,пер,,НБI9у,П1,Пв1,С,ПНД1,ПНС1,ППД1в,ППС1,ДН1,ДП1
одорироваться,нес,неп,,НБI9у,П1,Пв1,,ПНД1,,ППД1в,,ДН1,ДП1
одурить,сов,пер,,НБII2,П1,Пв2!,С,,,ППД1в,ППС2,,ДП2
окочуриваться,нес,неп,,НБI3,П1,Пв1,,ПНД1,,ППД1в,,ДН1,ДП1
окупнуться,сов,неп,,НБI4,П1,Пв2,С,,,ППД2в,,,ДП1
олифить,нес,пер,,НБII2л,П1,Пв3,,ПНД1,ПНС2,ППД1в,,ДН1,ДП1
омеднить,сов,пер,,НБII2,П1,Пв2!,С,,,ППД1в,ППС2,,ДП2
омеднять,нес,пер,,НБI3,П1,Пв1,,ПНД1,ПНС1,ППД1в,,ДН1,ДП1
омедняться,нес,неп,,НБI3,П1,Пв1,,ПНД1,,ППД1в,,ДН1,ДП1
опревать,нес,неп,,НБI3,П1,Пв1,,ПНД1,,ППД1в,,ДН1,ДП1
опреть,сов,неп,,НБI3,П1,Пв1,С,,,ППД1в,,,ДП1
оптимизировать,2в,пер,,НБI9у,П1,Пв1,С,ПНД1,ПНС1,ППД1в,ППС1,ДН1,ДП1
оптимизироваться,2в,неп,,НБI9у,П1,Пв1,С,ПНД1,,ППД1в,,ДН1,ДП1
опузиться,сов,неп,,НБII3-,П1,Пв3,С,,,ППД1в,,,ДП2
опустошиться,сов,неп,,НБII1,П1,Пв2!,С,,,ППД1в,,,ДП3
ослюнявиться,сов,неп,,НБII2л,П1,Пв3,С,,,ППД1в,,,ДП2
осовременивать,нес,пер,,НБI3,П1,Пв1,,ПНД1,ПНС1,ППД1в,,ДН1,ДП1
оспоривать,нес,пер,,НБI3,П1,Пв1,,ПНД1,ПНС1,ППД1в,,ДН1,ДП1
отвешать,сов,пер,,НБI3,П1,Пв1,С,,,ППД1в,ППС1,,ДП1
отголосить,сов,неп,,НБII3ш,П1,Пв2!,С,,,ППД1в,,,ДП2
отгранивать,нес,пер,,НБI3,П1,Пв1,,ПНД1,ПНС1,ППД1в,,ДН1,ДП1
отдрючить,сов,пер,,НБII1,П1,Пв3,С,,,ППД1в,ППС2,,ДП3
отдурачиться,сов,неп,,НБII1,П1,Пв3,С,,,ППД1в,,,ДП3
отзаседаться,сов,неп,,НБI3,П1,Пв1,С,,,ППД1в,,,ДП1
отконвоировать,сов,пер,,НБI9у,П1,Пв1,С,,,ППД1в,ППС1,,ДП1
отксерить,сов,пер,,НБII2,П1,Пв3,С,,,ППД1в,ППС2,,ДП2
отмазывать,нес,пер,,НБI3,П1,Пв1,,ПНД1,ПНС1,ППД1в,,ДН1,ДП1
отмазываться,нес,неп,,НБI3,П1,Пв1,,ПНД1,,ППД1в,,ДН1,ДП1
отматерить,сов,пер,,НБII2,П1,Пв2!,С,,,ППД1в,ППС2,,ДП2
отмаячить,сов,неп,,НБII1,П1,Пв3,С,,,ППД1в,,,ДП3
отнекаться,сов,неп,,НБI3,П1,Пв1,С,,,ППД1в,,,ДП1
отпеться,сов,неп,,НБI5о,П1,Пв1,С,,,ППД1в,,,ДП1
отрепать,сов,пер,,НБI5л&I-II1,П1,Пв2|2,С(2),,,ППД1в,ППС1,,ДП1
отрепаться,сов,неп,,НБI5л&I-II1,П1,Пв2|2,С(2),,,ППД1в,,,ДП1
отреставрировать,сов,неп,,НБI9у,П1,Пв1,С,,,ППД1в,,,ДП1
отрикошетить,сов,неп,,НБII3ч,П1,Пв3,С,,,ППД1в,,,ДП2
отрубиться,сов,неп,,НБII2л,П1,Пв2!,С,,,ППД1в,,,ДП2
отсканировать,сов,пер,,НБI9у,П1,Пв1,С,,,ППД1в,ППС1,,ДП1
отслеживаться,нес,неп,,НБI3,П1,Пв1,,ПНД1,,ППД1в,,ДН1,ДП1
отстыковать,сов,пер,,НБI9у,П1,Пв1,С,,,ППД1в,ППС1,,ДП1
отстыковаться,сов,неп,,НБI9у,П1,Пв1,С,,,ППД1в,,,ДП1
отстыковывать,нес,пер,,НБI3,П1,Пв1,,ПНД1,ПНС1,ППД1в,,ДН1,ДП1
отстыковываться,нес,неп,,НБI3,П1,Пв1,,ПНД1,,ППД1в,,ДН1,ДП1
оттарабанить,сов,пер,,НБII2,П1,Пв3,С,,,ППД1в,ППС2,,ДП2
отформатировать,сов,пер,,НБI9у,П1,Пв1,С,,,ППД1в,ППС1,,ДП1
отчебучивать,нес,пер,,НБI3,П1,Пв1,,ПНД1,ПНС1,ППД1в,,ДН1,ДП1
отчебучить,сов,пер,,НБII1,П1,Пв3,С,,,ППД1в,ППС2,,ДП3
отчудачить,сов,неп,,НБII1,П1,Пв3,С,,,ППД1в,,,ДП3
отшвартовывать,нес,пер,,НБI3,П1,Пв1,,ПНД1,ПНС1,ППД1в,,ДН1,ДП1
отшелушивать,нес,пер,,НБI3,П1,Пв1,,ПНД1,ПНС1,ППД1в,,ДН1,ДП1
отшелушиваться,нес,неп,,НБI3,П1,Пв1,,ПНД1,,ППД1в,,ДН1,ДП1
отшельничать,нес,неп,,НБI3,П1,Пв1,,ПНД1,,ППД1в,,ДН1,ДП1
отыметь,сов,пер,,НБI3,П1,Пв1,С,,,ППД1в,,,ДП1
офигеть,сов,неп,,НБI3,П1,Пв1,С,,,ППД1в,,,ДП1
охомутать,сов,пер,,НБI3,П1,Пв1,С,,,ППД1в,ППС1,,ДП1
оцарапывать,нес,пер,,НБI3,П1,Пв1,,ПНД1,ПНС1,ППД1в,,ДН1,ДП1
оцифровать,сов,пер,,НБI9у,П1,Пв1,С,,,ППД1в,ППС1,,ДП1
оцифроваться,сов,неп,,НБI9у,П1,Пв1,С,,,ППД1в,,,ДП1
оцифровывать,нес,пер,,НБI3,П1,Пв1,,ПНД1,ПНС1,ППД1в,,ДН1,ДП1
оцифровываться,нес,неп,,НБI3,П1,Пв1,,ПНД1,,ППД1в,,ДН1,ДП1
очухиваться,нес,неп,,НБI3,П1,Пв1,,ПНД1,,ППД1в,,ДН1,ДП1
ошвартовывать,нес,пер,,НБI3,П1,Пв1,,ПНД1,ПНС1,ППД1в,,ДН1,ДП1
ошвартовываться,нес,неп,,НБI3,П1,Пв1,,ПНД1,,ППД1в,,ДН1,ДП1
ошизеть,сов,неп,,НБI3,П1,Пв1,С,,,ППД1в,,,ДП1
ошкуриваться,нес,неп,,НБI3,П1,Пв1,,ПНД1,,ППД1в,,ДН1,ДП1
пакетировать,2в,пер,,НБI9у,П1,Пв1,С,ПНД1,ПНС1,ППД1в,ППС1,ДН1,ДП1
панковать,нес,неп,,НБI9у,П1,Пв1,,ПНД1,,ППД1в,,ДН1,ДП1
парковаться,нес,неп,,НБI9у,П1,Пв1,,ПНД1,,ППД1в,,ДН1,ДП1
пасануть,сов,неп,,НБI4,П1,Пв2,С,,,ППД2в,,,ДП1
пассероваться,нес,неп,,НБI9у,П1,Пв1,,ПНД1,,ППД1в,,ДН1,ДП1
патентоваться,нес,неп,,НБI9у,П1,Пв1,,ПНД1,,ППД1в,,ДН1,ДП1
пеленговаться,нес,неп,,НБI9у,П1,Пв1,,ПНД1,,ППД1в,,ДН1,ДП1
пердеть,нес,неп,,НБII3ж,П1,Пв2!,,ПНД1,,ППД1в,,ДН1,ДП1
переакцентировать,сов,пер,,НБI9у,П1,Пв1,С,,,ППД1в,ППС1,,ДП1
перевербовать,сов,пер,,НБI9у,П1,Пв1,С,,,ППД1в,ППС1,,ДП1
перевербовывать,нес,пер,,НБI3,П1,Пв1,,ПНД1,ПНС1,ППД1в,,ДН1,ДП1
переголосовать,сов,неп,,НБI9у,П1,Пв1,С,,,ППД1в,,,ДП1
передозировать,сов,пер,,НБI9у,П1,Пв1,С,,,ППД1в,ППС1,,ДП1
пережаться,сов,неп,,НБI4м,П1,Пв2,С,,,ППД1в,,,ДП1
перекантоваться,сов,неп,,НБI9у,П1,Пв1,С,,,ППД1в,,,ДП1
перекодировать,сов,пер,,НБI9у,П1,Пв1,С,,,ППД1в,ППС1,,ДП1
перекодироваться,сов,неп,,НБI9у,П1,Пв1,С,,,ППД1в,,,ДП1
перекрикнуться,сов,неп,,НБI4,П1,Пв2,С,,,ППД2в,,,ДП1
переминировать,сов,пер,,НБI9у,П1,Пв1,С,,,ППД1в,ППС1,,ДП1
перенаправить,сов,пер,,НБII2л,П1,Пв3,С,,,ППД1в,ППС2,,ДП2
перенастраивать,нес,пер,,НБI3,П1,Пв1,,ПНД1,ПНС1,ППД1в,,ДН1,ДП1
переоснащать,нес,пер,,НБI3,П1,Пв1,,ПНД1,ПНС1,ППД1в,,ДН1,ДП1
переоснащаться,нес,неп,,НБI3,П1,Пв1,,ПНД1,,ППД1в,,ДН1,ДП1
переоформляться,нес,неп,,НБI3,П1,Пв1,,ПНД1,,ППД1в,,ДН1,ДП1
перепрограммировать,сов,пер,,НБI9у,П1,Пв1,С,,,ППД1в,ППС1,,ДП1
перепрограммироваться,сов,неп,,НБI9у,П1,Пв1,С,,,ППД1в,,,ДП1
перепрописать,сов,пер,,НБI6ш,П1,Пв2,С,,,ППД1в,ППС1,,ДП1
перепрофилировать,сов,пер,,НБI9у,П1,Пв1,С,,,ППД1в,ППС1,,ДП1
перепрофилироваться,сов,неп,,НБI9у,П1,Пв1,С,,,ППД1в,,,ДП1
перепужать,сов,пер,,НБI3,П1,Пв1,С,,,ППД1в,ППС1,,ДП1
перепужаться,сов,неп,,НБI3,П1,Пв1,С,,,ППД1в,,,ДП1
пересогласовать,сов,пер,,НБI9у,П1,Пв1,С,,,ППД1в,ППС1,,ДП1
перестыковать,сов,пер,,НБI9у,П1,Пв1,С,,,ППД1в,ППС1,,ДП1
перестыковывать,нес,пер,,НБI3,П1,Пв1,,ПНД1,ПНС1,ППД1в,,ДН1,ДП1
перестыковываться,нес,неп,,НБI3,П1,Пв1,,ПНД1,,ППД1в,,ДН1,ДП1
перетоптаться,сов,неп,,НБI6ч,П1,Пв2,С,,,ППД1в,,,ДП1
переудобрить,сов,пер,,НБII2,П1,Пв2!,С,,,ППД1в,ППС2,,ДП2
переудобрять,нес,пер,,НБI3,П1,Пв1,,ПНД1,ПНС1,ППД1в,,ДН1,ДП1
переформулировать,сов,пер,,НБI9у,П1,Пв1,С,,,ППД1в,ППС1,,ДП1
перехотеть,сов,неп,,НБI-II4ч,П1,Пв2!,С,,,ППД1в,,,ДП1
перехотеться,сов,неп,б,НБI6ч-,П1-,Пв2**-,,,,,,,
пернуть,сов,неп,,НБI4,П1,Пв2,С,,,ППД2в,,,ДП1
перчиться,нес,неп,,НБII1,П1,Пв2!,,ПНД1,,ППД1в,,ДН2,ДП1
поанализировать,сов,неп,,НБI9у,П1,Пв1,С,,,ППД1в,,,ДП1
побазарить,сов,неп,,НБII2,П1,Пв3,С,,,ППД1в,,,ДП2
побалдеть,сов,неп,,НБI3,П1,Пв1,С,,,ППД1в,,,ДП1
побастовать,сов,неп,,НБI9у,П1,Пв1,С,,,ППД1в,,,ДП1
побродяжить,сов,неп,,НБII1,П1,Пв3,С,,,ППД1в,,,ДП3
побултыхаться,сов,неп,,НБI3,П1,Пв1,С,,,ППД1в,,,ДП1
побухать,сов,неп,,НБI3,П1,Пв1,С,,,ППД1в,,,ДП1
поваривать,нес,пер,,НБI3,П1,Пв1,,ПНД1,ПНС1,ППД1в,,ДН1,ДП1
повонять,сов,неп,,НБI3,П1,Пв1,С,,,ППД1в,,,ДП1
повосторгаться,сов,неп,,НБI3,П1,Пв1,С,,,ППД1в,,,ДП1
повращаться,сов,неп,,НБI3,П1,Пв1,С,,,ППД1в,,,ДП1
повыбросать,сов,пер,,НБI3,П1,Пв1,С,,,ППД1в,ППС1,,ДП1
повывернуть,сов,пер,,НБI4,П1,Пв2,С,,,ППД2в,ППС3,,ДП1
повывертывать,сов,пер,,НБI3,П1,Пв1,,,,ППД1в,,,ДП1
повыгореть,сов,неп,,НБII2,П1,Пв2!,С,,,ППД1в,,,ДП2
повыгрести,сов,пер,,НБI4б,П7б,Пв2,С,,,ППД1в,ППС2,,ДП6
повыпендриваться,сов,неп,,НБI3,П1,Пв1,С,,,ППД1в,,,ДП1
повыродиться,сов,неп,,НБII3ж,П1,Пв2!,С,,,ППД1в,,,ДП2
повякать,сов,неп,,НБI3,П1,Пв1,С,,,ППД1в,,,ДП1
погазовать,сов,неп,,НБI9у,П1,Пв1,С,,,ППД1в,,,ДП1
погрипповать,сов,неп,,НБI9у,П1,Пв1,С,,,ППД1в,,,ДП1
подвиснуть,сов,неп,,НБI4,П9,Пв2,С,,,ППД2в&5,,,ДП9&10
подвсплыть,сов,неп,,НБI2в,П1,Пв2,С,,,ППД1в,,,ДП2
подгримировывать,нес,пер,,НБI3,П1,Пв1,,ПНД1,ПНС1,ППД1в,,ДН1,ДП1
поддомкратить,сов,пер,,НБII3ч,П1,Пв3,С,,,ППД1в,ППС2,,ДП2
поддомкрачивать,нес,пер,,НБI3,П1,Пв1,,ПНД1,ПНС1,ППД1в,,ДН1,ДП1
подзавести,сов,пер,,НБI4д,П5,Пв2,С,,,ППД1в,ППС2,,ДП8
подзавестись,сов,неп,,НБI4д,П5,Пв2,С,,,ППД1в,,,ДП8
подзаводить,нес,пер,,НБII3ж,П1,Пв2!,,ПНД1,ПНС2,ППД1в,,ДН1,ДП1
подзаводиться,нес,неп,,НБII3ж,П1,Пв2!,,ПНД1,,ППД1в,,ДН1,ДП1
подзадержаться,сов,неп,,НБII1,П1,Пв2!,С,,,ППД1в,,,ДП3
подзалететь,сов,неп,,НБII3ч,П1,Пв2!,С,,,ППД1в,,,ДП2
подзапоздать,сов,неп,,НБI3,П1,Пв1,С,,,ППД1в,,,ДП1
подзаправить,сов,пер,,НБII2л,П1,Пв3,С,,,ППД1в,ППС2,,ДП2
подзарасти,сов,неп,,НБI1,П10о,Пв2**,С,,,ППД1в,,,ДП4
подзарядиться,сов,неп,,НБII3ж,П1,Пв2!,С,,,ППД1в,,,ДП2
подзаряжаться,нес,неп,,НБI3,П1,Пв1,,ПНД1,,ППД1в,,ДН1,ДП1
подкалымить,сов,неп,,НБII2л,П1,Пв3,С,,,ППД1в,,,ДП2
подмогнуть,сов,неп,,НБI4,П2,Пв2,С,,,ППД2в,,,ДП1
поднапрячься,сов,неп,,НБI2г,П3г,Пв2,С,,,ППД1в,,,ДП4
подостыть,сов,неп,,НБI2н,П1,Пв3,С,,,ППД1в,,,ДП1
подотстать,сов,неп,,НБI2н,П1,Пв3,С,,,ППД1в,,,ДП1
подразболтаться,сов,неп,,НБI3,П1,Пв1,С,,,ППД1в,,,ДП1
подраспустить,сов,пер,,НБII5щ,П1,Пв2!,С,,,ППД1в,ППС2,,ДП2
подредактировать,сов,пер,,НБI9у,П1,Пв1,С,,,ППД1в,ППС1,,ДП1
подробничать,нес,неп,,НБI3,П1,Пв1,,ПНД1,,ППД1в,,ДН1,ДП1
подровняться,сов,неп,,НБI3,П1,Пв1,С,,,ППД1в,,,ДП1
подсоединиться,сов,неп,,НБII2,П1,Пв2!,С,,,ППД1в,,,ДП2
подсуетиться,сов,неп,,НБII3ч,П1,Пв2!,С,,,ППД1в,,,ДП2
поерничать,сов,неп,,НБI3,П1,Пв1,С,,,ППД1в,,,ДП1
поерошить,сов,пер,,НБII1,П1,Пв3,С,,,ППД1в,ППС2,,ДП3
поехидничать,сов,неп,,НБI3,П1,Пв1,С,,,ППД1в,,,ДП1
пожонглировать,сов,неп,,НБI9у,П1,Пв1,С,,,ППД1в,,,ДП1
позамерзать,сов,неп,,НБI3,П1,Пв1,С,,,ППД1в,,,ДП1
позаржаветь,сов,неп,,НБI3,П1,Пв1,С,,,ППД1в,,,ДП1
позарывать,сов,пер,,НБI3,П1,Пв1,С,,,ППД1в,,,ДП1
поздоровкаться,сов,неп,,НБI3,П1,Пв1,С,,,ППД1в,,,ДП1
позиционировать,нес,пер,,НБI9у,П1,Пв1,,ПНД1,ПНС1,ППД1в,ППС1,ДН1,ДП1
позиционироваться,нес,неп,,НБI9у,П1,Пв1,,ПНД1,,ППД1в,,ДН1,ДП1
поизвести,сов,пер,,НБI4д,П5,Пв2,С,,,ППД1в,ППС2,,ДП8
поизводить,сов,пер,,НБII3ж,П1,Пв2!,С,,,ППД1в,,,ДП2
поизучать,сов,пер,,НБI3,П1,Пв1,С,,,ППД1в,,,ДП1
показушничать,нес,неп,,НБI3,П1,Пв1,,ПНД1,,ППД1в,,ДН1,ДП1
покайфовать,сов,неп,,НБI9у,П1,Пв1,С,,,ППД1в,,,ДП1
покемарить,сов,неп,,НБII2,П1,Пв3,С,,,ППД1в,,,ДП2
покладать,нес,неп,,НБI3,П1,Пв1,,ПНД1,,ППД1в,,ДН1,ДП1
покраситься,сов,неп,,НБII3ш,П1,Пв3,С,,,ППД1в,,,ДП2
покусаться,сов,неп,,НБI3,П1,Пв1,С,,,ППД1в,,,ДП1
полапать,сов,пер,,НБI3,П1,Пв1,С,,,ППД1в,ППС1,,ДП1
политизировать,2в,пер,,НБI9у,П1,Пв1,С,ПНД1,ПНС1,ППД1в,ППС1,ДН1,ДП1
политизироваться,2в,неп,,НБI9у,П1,Пв1,С,ПНД1,,ППД1в,,ДН1,ДП1
померять,сов,пер,,НБI3,П1,Пв1,С,,,ППД1в,ППС1,,ДП1
померяться,сов,неп,,НБI3,П1,Пв1,С,,,ППД1в,,,ДП1
помитинговать,сов,неп,,НБI9у,П1,Пв1,С,,,ППД1в,,,ДП1
помуслякать,сов,пер,,НБI3,П1,Пв1,С,,,ППД1в,ППС1,,ДП1
понабираться,сов,неп,,НБI3,П1,Пв1,С,,,ППД1в,,,ДП1
понавыдумать,сов,пер,,НБI3,П1,Пв1,С,,,ППД1в,ППС1,,ДП1
понавыдумывать,сов,пер,,НБI3,П1,Пв1,С,,,ППД1в,,,ДП1
понапихаться,сов,неп,,НБI3,П1,Пв1,С,,,ППД1в,,,ДП1
понтоваться,нес,неп,,НБI9у,П1,Пв1,,ПНД1,,ППД1в,,ДН1,ДП1
поокрепнуть,сов,неп,,НБI4,П9,Пв2,С,,,ППД5,,,ДП9&10
пооткрываться,сов,неп,,НБI3,П1,Пв1,С,,,ППД1в,,,ДП1
попереживать,сов,неп,,НБI3,П1,Пв1,С,,,ППД1в,,,ДП1
попихаться,сов,неп,,НБI3,П1,Пв1,С,,,ППД1в,,,ДП1
поплохеть,сов,неп,б,НБI3-,П1-,Пв1-,,,,,,,
попринимать,сов,пер,,НБI3,П1,Пв1,С,,,ППД1в,,,ДП1
попроведать,сов,пер,,НБI3,П1,Пв1,С,,,ППД1в,ППС1,,ДП1
попужать,сов,пер,,НБI3,П1,Пв1,С,,,ППД1в,ППС1,,ДП1
попукать,сов,неп,,НБI3,П1,Пв1,С,,,ППД1в,,,ДП1
попустовать,сов,неп,,НБI9у,П1,Пв1,С,,,ППД1в,,,ДП1
попылить,сов,неп,,НБII2,П1,Пв2!,С,,,ППД1в,,,ДП2
поразбрасывать,сов,пер,,НБI3,П1,Пв1,С,,,ППД1в,,,ДП1
поребячиться,сов,неп,,НБII1,П1,Пв3,С,,,ППД1в,,,ДП3
порешать,сов,пер,,НБI3,П1,Пв1,С,,,ППД1в,,,ДП1
посаливать,нес,пер,,НБI3,П1,Пв1,,ПНД1,ПНС1,ППД1в,,ДН1,ДП1
посизеть,сов,неп,,НБI3,П1,Пв1,С,,,ППД1в,,,ДП1
посикать,сов,неп,,НБI3,П1,Пв1,С,,,ППД1в,,,ДП1
посмекать,сов,неп,,НБI3,П1,Пв1,С,,,ППД1в,,,ДП1
посморкаться,сов,неп,,НБI3,П1,Пв1,С,,,ППД1в,,,ДП1
посозерцать,сов,пер,,НБI3,П1,Пв1,С,,,ППД1в,,,ДП1
посопротивляться,сов,неп,,НБI3,П1,Пв1,С,,,ППД1в,,,ДП1
посоставлять,сов,пер,,НБI3,П1,Пв1,С,,,ППД1в,,,ДП1
посрать,сов,неп,,НБI4,П1,Пв2,С,,,ППД1в,,,ДП1
поссать,сов,неп,,НБI-II3,П1,Пв4,С,,,ППД1в,,,ДП1
постажировать,сов,пер,,НБI9у,П1,Пв1,С,,,ППД1в,,,ДП1
постажироваться,сов,неп,,НБI9у,П1,Пв1,С,,,ППД1в,,,ДП1
потискаться,сов,неп,,НБI3,П1,Пв1,С,,,ППД1в,,,ДП1
потискивать,нес,пер,,НБI3,П1,Пв1,,ПНД1,ПНС1,ППД1в,,ДН1,ДП1
потренькивать,нес,неп,,НБI3,П1,Пв1,,ПНД1,,ППД1в,,ДН1,ДП1
потусоваться,сов,неп,,НБI9у,П1,Пв1,С,,,ППД1в,,,ДП1
пофоткать,сов,неп,,НБI3,П1,Пв1,С,,,ППД1в,,,ДП1
похимичить,сов,неп,,НБII1,П1,Пв3,С,,,ППД1в,,,ДП3
похищаться,нес,неп,,НБI3,П1,Пв1,,ПНД1,,ППД1в,,ДН1,ДП1
похрумкать,сов,неп,,НБI3,П1,Пв1,С,,,ППД1в,,,ДП1
похрумкивать,нес,неп,,НБI3,П1,Пв1,,ПНД1,,ППД1в,,ДН1,ДП1
похужеть,сов,неп,,НБI3,П1,Пв1,С,,,ППД1в,,,ДП1
почапать,сов,неп,,НБI3,П1,Пв1,С,,,ППД1в,,,ДП1
починивать,нес,пер,,НБI3,П1,Пв1,,ПНД1,ПНС1,ППД1в,,ДН1,ДП1
почуяться,сов,неп,,НБI5,П1,Пв1,С,,,ППД1в,,,ДП2
пошелохнуться,сов,неп,,НБI4,П1,Пв2,С,,,ППД2в,,,ДП1
пошинковать,сов,пер,,НБI9у,П1,Пв1,С,,,ППД1в,ППС1,,ДП1
пошлить,нес,неп,,НБII2,П1,Пв2!,,ПНД1,,ППД1в,,ДН1,ДП1
пошмонать,сов,неп,,НБI3,П1,Пв1,С,,,ППД1в,,,ДП1
пошукать,сов,неп,,НБI3,П1,Пв1,С,,,ППД1в,,,ДП1
пощупывать,нес,пер,,НБI3,П1,Пв1,,ПНД1,ПНС1,ППД1в,,ДН1,ДП1
поэкспериментировать,сов,неп,,НБI9у,П1,Пв1,С,,,ППД1в,,,ДП1
прессинговать,нес,пер,,НБI9у,П1,Пв1,,ПНД1,ПНС1,ППД1в,ППС1,ДН1,ДП1
пресытить,сов,пер,,НБII3щ,П1,Пв3,С,,,ППД1в,ППС2,,ДП2
прибарахлиться,сов,неп,,НБII2,П1,Пв2!,С,,,ППД1в,,,ДП2
приблатниться,сов,неп,,НБII2,П1,Пв2!,С,,,ППД1в,,,ДП2
приватизироваться,нес,неп,,НБI9у,П1,Пв1,,ПНД1,,ППД1в,,ДН1,ДП1
приводнить,сов,пер,,НБII2,П1,Пв2!,С,,,ППД1в,ППС2,,ДП2
приводнять,нес,пер,,НБI3,П1,Пв1,,ПНД1,ПНС1,ППД1в,,ДН1,ДП1
прикемарить,сов,неп,,НБII2,П1,Пв3,С,,,ППД1в,,,ДП2
прикимарить,сов,неп,,НБII2,П1,Пв3,С,,,ППД1в,,,ДП2
прикопаться,сов,неп,,НБI3,П1,Пв1,С,,,ППД1в,,,ДП1
примагнитить,сов,пер,,НБII3ч,П1,Пв3,С,,,ППД1в,ППС2,,ДП2
примагничивать,нес,пер,,НБI3,П1,Пв1,,ПНД1,ПНС1,ППД1в,,ДН1,ДП1
примагничиваться,нес,неп,,НБI3,П1,Пв1,,ПНД1,,ППД1в,,ДН1,ДП1
примитизировать,нес,неп,,НБI9у,П1,Пв1,,ПНД1,,ППД1в,,ДН1,ДП1
припарковаться,сов,неп,,НБI9у,П1,Пв1,С,,,ППД1в,,,ДП1
припарковывать,нес,пер,,НБI3,П1,Пв1,,ПНД1,ПНС1,ППД1в,,ДН1,ДП1
припарковываться,нес,неп,,НБI3,П1,Пв1,,ПНД1,,ППД1в,,ДН1,ДП1
припивать,нес,пер,,НБI3,П1,Пв1,,ПНД1,ПНС1,ППД1в,,ДН1,ДП1
пристыковать,сов,пер,,НБI9у,П1,Пв1,С,,,ППД1в,ППС1,,ДП1
пристыковаться,сов,неп,,НБI9у,П1,Пв1,С,,,ППД1в,,,ДП1
пристыковывать,нес,пер,,НБI3,П1,Пв1,,ПНД1,ПНС1,ППД1в,,ДН1,ДП1
пристыковываться,нес,неп,,НБI3,П1,Пв1,,ПНД1,,ППД1в,,ДН1,ДП1
притаранить,сов,пер,,НБII2,П1,Пв3,С,,,ППД1в,ППС2,,ДП2
пришпандориваться,нес,неп,,НБI3,П1,Пв1,,ПНД1,,ППД1в,,ДН1,ДП1
проанкетировать,сов,пер,,НБI9у,П1,Пв1,С,,,ППД1в,ППС1,,ДП1
проанонсировать,сов,пер,,НБI9у,П1,Пв1,С,,,ППД1в,ППС1,,ДП1
пробарахтаться,сов,неп,,НБI3,П1,Пв1,С,,,ППД1в,,,ДП1
пробздеться,сов,неп,,НБII3-,П1,Пв2!,С,,,ППД1в,,,ДП2
прогнозироваться,нес,неп,,НБI9у,П1,Пв1,,ПНД1,,ППД1в,,ДН1,ДП1
программироваться,нес,неп,,НБI9у,П1,Пв1,,ПНД1,,ППД1в,,ДН1,ДП1
прогрипповать,сов,неп,,НБI9у,П1,Пв1,С,,,ППД1в,,,ДП1
продегустировать,сов,пер,,НБI9у,П1,Пв1,С,,,ППД1в,ППС1,,ДП1
продекларировать,сов,пер,,НБI9у,П1,Пв1,С,,,ППД1в,ППС1,,ДП1
продинамить,сов,пер,,НБII2л,П1,Пв3,С,,,ППД1в,ППС2,,ДП2
продристать,сов,неп,,НБI8щ,П1,Пв2,С,,,ППД1в,,,ДП1
продристаться,сов,неп,,НБI8щ,П1,Пв2,С,,,ППД1в,,,ДП1
продюсировать,нес,пер,,НБI9у,П1,Пв1,,ПНД1,ПНС1,ППД1в,ППС1,ДН1,ДП1
продюсироваться,нес,неп,,НБI9у,П1,Пв1,,ПНД1,,ППД1в,,ДН1,ДП1
прожирать,нес,пер,,НБI3,П1,Пв1,,ПНД1,ПНС1,ППД1в,,ДН1,ДП1
прозаседаться,сов,неп,,НБI3,П1,Пв1,С,,,ППД1в,,,ДП1
проинвентаризировать,сов,пер,,НБI9у,П1,Пв1,С,,,ППД1в,ППС1,,ДП1
проканать,сов,неп,,НБI3,П1,Пв1,С,,,ППД1в,,,ДП1
пролистывать,нес,пер,,НБI3,П1,Пв1,,ПНД1,ПНС1,ППД1в,,ДН1,ДП1
пролистываться,нес,неп,,НБI3,П1,Пв1,,ПНД1,,ППД1в,,ДН1,ДП1
пролоббировать,сов,пер,,НБI9у,П1,Пв1,С,,,ППД1в,ППС1,,ДП1
промитинговать,сов,неп,,НБI9у,П1,Пв1,С,,,ППД1в,,,ДП1
пронадеяться,сов,неп,,НБI5,П1,Пв1,С,,,ППД1в,,,ДП2
прооперировать,сов,пер,,НБI9у,П1,Пв1,С,,,ППД1в,ППС1,,ДП1
проплатить,сов,пер,,НБII3ч,П1,Пв2!,С,,,ППД1в,ППС2,,ДП2
проплачивать,нес,неп,,НБI3,П1,Пв1,,ПНД1,,ППД1в,,ДН1,ДП1
проплачиваться,нес,неп,,НБI3,П1,Пв1,,ПНД1,,ППД1в,,ДН1,ДП1
просирать,нес,пер,,НБI3,П1,Пв1,,ПНД1,ПНС1,ППД1в,,ДН1,ДП1
просовещаться,сов,неп,,НБI3,П1,Пв1,С,,,ППД1в,,,ДП1
простимулировать,сов,пер,,НБI9у,П1,Пв1,С,,,ППД1в,ППС1,,ДП1
протестировать,сов,пер,,НБI9у,П1,Пв1,С,,,ППД1в,ППС1,,ДП1
протрепаться,сов,неп,,НБI5л&I-II1,П1,Пв2|2,С(2),,,ППД1в,,,ДП1
протрудиться,сов,неп,,НБII3ж,П1,Пв2!,С,,,ППД1в,,,ДП2
прошвырнуться,сов,неп,,НБI4,П1,Пв2,С,,,ППД2в,,,ДП1
прошерстить,сов,пер,,НБII3-,П1,Пв2!,С,,,ППД1в,,,ДП2
проштукатуривать,нес,пер,,НБI3,П1,Пв1,,ПНД1,ПНС1,ППД1в,,ДН1,ДП1
проштукатуриваться,нес,неп,,НБI3,П1,Пв1,,ПНД1,,ППД1в,,ДН1,ДП1
пужать,нес,пер,,НБI3,П1,Пв1,,ПНД1,ПНС1,ППД1в,ППС1,ДН1,ДП1
пужаться,нес,неп,,НБI3,П1,Пв1,,ПНД1,,ППД1в,,ДН1,ДП1
пукать,нес,неп,,НБI3,П1,Пв1,,ПНД1,,ППД1в,,ДН1,ДП1
пущать,нес,пер,,НБI3,П1,Пв1,,ПНД1,ПНС1,ППД1в,,ДН1,ДП1
разбазариться,сов,неп,,НБII2,П1,Пв3,С,,,ППД1в,,,ДП2
разбалансировать,сов,пер,,НБI9у,П1,Пв1,С,,,ППД1в,ППС1,,ДП1
разбалансироваться,сов,неп,,НБI9у,П1,Пв1,С,,,ППД1в,,,ДП1
разгерметизировать,сов,пер,,НБI9у,П1,Пв1,С,,,ППД1в,ППС1,,ДП1
разгерметизироваться,сов,неп,,НБI9у,П1,Пв1,С,,,ППД1в,,,ДП1
разгруппировывать,нес,пер,,НБI3,П1,Пв1,,ПНД1,ПНС1,ППД1в,,ДН1,ДП1
разгундеться,сов,неп,,НБII3ж,П1,Пв2!,С,,,ППД1в,,,ДП2
раздолбайничать,нес,неп,,НБI3,П1,Пв1,,ПНД1,,ППД1в,,ДН1,ДП1
раздухариться,сов,неп,,НБII2,П1,Пв2!,С,,,ППД1в,,,ДП2
размонтировать,сов,пер,,НБI9у,П1,Пв1,С,,,ППД1в,ППС1,,ДП1
разнепогодиться,сов,неп,б,НБII1-,П1-,Пв3-,,,,,,,
разныться,сов,неп,,НБI5о,П1,Пв1,С,,,ППД1в,,,ДП1
разрегулировать,сов,пер,,НБI9у,П1,Пв1,С,,,ППД1в,ППС1,,ДП1
разрегулироваться,сов,неп,,НБI9у,П1,Пв1,С,,,ППД1в,,,ДП1
разруливать,нес,пер,,НБI3,П1,Пв1,,ПНД1,ПНС1,ППД1в,,ДН1,ДП1
разрулить,сов,пер,,НБII2,П1,Пв2!,С,,,ППД1в,ППС2,,ДП2
разрыться,сов,неп,,НБI5о,П1,Пв1,С,,,ППД1в,,,ДП1
разукомлектовывать,нес,пер,,НБI3,П1,Пв1,,ПНД1,ПНС1,ППД1в,,ДН1,ДП1
разукомлектовываться,нес,неп,,НБI3,П1,Пв1,,ПНД1,,ППД1в,,ДН1,ДП1
разулыбаться,сов,неп,,НБI3,П1,Пв1,С,,,ППД1в,,,ДП1
рамсить,нес,неп,,НБII3-,П1,Пв2!,,ПНД1,,ППД1в,,ДН1,ДП1
ранжировать,2в,пер,,НБI9у,П1,Пв1,С,ПНД1,ПНС1,ППД1в,ППС1,ДН1,ДП1
ранжироваться,нес,неп,,НБI9у,П1,Пв1,,ПНД1,,ППД1в,,ДН1,ДП1
раскавычивать,нес,пер,,НБI3,П1,Пв1,,ПНД1,ПНС1,ППД1в,,ДН1,ДП1
раскавычить,сов,пер,,НБII1,П1,Пв3,С,,,ППД1в,ППС2,,ДП3
раскодироваться,сов,неп,,НБI9у,П1,Пв1,С,,,ППД1в,,,ДП1
раскокетничаться,сов,неп,,НБI3,П1,Пв1,С,,,ППД1в,,,ДП1
расконвоировать,сов,пер,,НБI9у,П1,Пв1,С,,,ППД1в,ППС1,,ДП1
раскочегаривать,нес,пер,,НБI3,П1,Пв1,,ПНД1,ПНС1,ППД1в,,ДН1,ДП1
раскочегариваться,нес,неп,,НБI3,П1,Пв1,,ПНД1,,ППД1в,,ДН1,ДП1
раскочегарить,сов,пер,,НБII2,П1,Пв3,С,,,ППД1в,ППС2,,ДП2
раскочегариться,сов,неп,,НБII2,П1,Пв3,С,,,ППД1в,,,ДП2
раскритиковаться,сов,неп,,НБI9у,П1,Пв1,С,,,ППД1в,,,ДП1
раскурочивать,нес,пер,,НБI3,П1,Пв1,,ПНД1,ПНС1,ППД1в,,ДН1,ДП1
распломбировать,сов,пер,,НБI9у,П1,Пв1,С,,,ППД1в,ППС1,,ДП1
распсиховаться,сов,неп,,НБI9у,П1,Пв1,С,,,ППД1в,,,ДП1
рассиживать,нес,неп,,НБI3,П1,Пв1,,ПНД1,,ППД1в,,ДН1,ДП1
расскандалиться,сов,неп,,НБII2,П1,Пв3,С,,,ППД1в,,,ДП2
расслабнуть,сов,неп,,НБI4,П9,Пв2,С,,,ППД2в&5,,,ДП9&10
рассогласовать,сов,пер,,НБI9у,П1,Пв1,С,,,ППД1в,ППС1,,ДП1
рассогласовывать,нес,пер,,НБI3,П1,Пв1,,ПНД1,ПНС1,ППД1в,,ДН1,ДП1
рассогласовываться,нес,неп,,НБI3,П1,Пв1,,ПНД1,,ППД1в,,ДН1,ДП1
рассоединить,сов,пер,,НБII2,П1,Пв2!,С,,,ППД1в,ППС2,,ДП2
рассоединять,нес,пер,,НБI3,П1,Пв1,,ПНД1,ПНС1,ППД1в,,ДН1,ДП1
рассоединяться,нес,неп,,НБI3,П1,Пв1,,ПНД1,,ППД1в,,ДН1,ДП1
расстыковать,сов,пер,,НБI9у,П1,Пв1,С,,,ППД1в,ППС1,,ДП1
расстыковаться,сов,неп,,НБI9у,П1,Пв1,С,,,ППД1в,,,ДП1
рассупонить,сов,пер,,НБII2,П1,Пв3,С,,,ППД1в,ППС2,,ДП2
рассупониться,сов,неп,,НБII2,П1,Пв3,С,,,ППД1в,,,ДП2
растаможивать,нес,пер,,НБI3,П1,Пв1,,ПНД1,ПНС1,ППД1в,,ДН1,ДП1
растаможиваться,нес,неп,,НБI3,П1,Пв1,,ПНД1,,ППД1в,,ДН1,ДП1
растиражировать,сов,пер,,НБI9у,П1,Пв1,С,,,ППД1в,ППС1,,ДП1
растиражироваться,сов,неп,,НБI9у,П1,Пв1,С,,,ППД1в,,,ДП1
растолкаться,сов,неп,,НБI3,П1,Пв1,С,,,ППД1в,,,ДП1
растявкаться,сов,неп,,НБI3,П1,Пв1,С,,,ППД1в,,,ДП1
расфокусировать,сов,пер,,НБI9у,П1,Пв1,С,,,ППД1в,ППС1,,ДП1
расфокусироваться,сов,неп,,НБI9у,П1,Пв1,С,,,ППД1в,,,ДП1
расхлюпаться,сов,неп,,НБI3,П1,Пв1,С,,,ППД1в,,,ДП1
расходить,сов,пер,,НБII3ж,П1,Пв2!,С,,,ППД1в,ППС2,,ДП2
расчехляться,нес,неп,,НБI3,П1,Пв1,,ПНД1,,ППД1в,,ДН1,ДП1
расшлепаться,сов,неп,,НБI3,П1,Пв1,С,,,ППД1в,,,ДП1
реализовываться,нес,неп,,НБI3,П1,Пв1,,ПНД1,,ППД1в,,ДН1,ДП1
реанимировать,2в,пер,,НБI9у,П1,Пв1,С,ПНД1,ПНС1,ППД1в,ППС1,ДН1,ДП1
реанимироваться,2в,неп,,НБI9у,П1,Пв1,С,ПНД1,,ППД1в,,ДН1,ДП1
реверсировать,2в,пер,,НБI9у,П1,Пв1,С,ПНД1,ПНС1,ППД1в,ППС1,ДН1,ДП1
реинкарнировать,2в,пер,,НБI9у,П1,Пв1,С,ПНД1,ПНС1,ППД1в,ППС1,ДН1,ДП1
реинтегрировать,2в,пер,,НБI9у,П1,Пв1,С,ПНД1,ПНС1,ППД1в,ППС1,ДН1,ДП1
реинтегрироваться,2в,неп,,НБI9у,П1,Пв1,С,ПНД1,,ППД1в,,ДН1,ДП1
реструктурировать,2в,пер,,НБI9у,П1,Пв1,С,ПНД1,ПНС1,ППД1в,ППС1,ДН1,ДП1
реструктурироваться,2в,неп,,НБI9у,П1,Пв1,С,ПНД1,,ППД1в,,ДН1,ДП1
рефинансировать,2в,пер,,НБI9у,П1,Пв1,С,ПНД1,ПНС1,ППД1в,ППС1,ДН1,ДП1
рефинансироваться,нес,неп,,НБI9у,П1,Пв1,,ПНД1,,ППД1в,,ДН1,ДП1
роботизировать,2в,пер,,НБI9у,П1,Пв1,С,ПНД1,ПНС1,ППД1в,ППС1,ДН1,ДП1
роботизироваться,2в,неп,,НБI9у,П1,Пв1,С,ПНД1,,ППД1в,,ДН1,ДП1
рожаться,нес,неп,,НБI3,П1,Пв1,,ПНД1,,ППД1в,,ДН1,ДП1
роситься,нес,неп,,НБII3ш,П1,Пв2!,,ПНД1,,ППД1в,,ДН1,ДП1
ротировать,нес,пер,,НБI9у,П1,Пв1,,ПНД1,ПНС1,ППД1в,ППС1,ДН1,ДП1
ротироваться,нес,неп,,НБI9у,П1,Пв1,,ПНД1,,ППД1в,,ДН1,ДП1
рубануться,сов,неп,,НБI4,П1,Пв2,С,,,ППД2в,,,ДП1
самортизировать,сов,неп,,НБI9у,П1,Пв1,С,,,ППД1в,,,ДП1
сачкануть,сов,неп,,НБI4,П1,Пв2,,,,ППД2в,,,ДП1
сбацать,сов,пер,,НБI3,П1,Пв1,,,,ППД1в,ППС1,,ДП1
свечереть,сов,неп,б,НБI3-,П1-,Пв1-,,,,,,,
свистануть,сов,неп,,НБI4,П1,Пв2,С,,,ППД2в,,,ДП1
свольничать,сов,неп,,НБI3,П1,Пв1,С,,,ППД1в,,,ДП1
сгенерировать,сов,пер,,НБI9у,П1,Пв1,С,,,ППД1в,ППС1,,ДП1
сгоношить,сов,пер,,НБII1,П1,Пв2!,,,,ППД1в,ППС2,,ДП3
сегментировать,нес,пер,,НБI9у,П1,Пв1,,ПНД1,ПНС1,ППД1в,ППС1,ДН1,ДП1
сегрегировать,нес,пер,,НБI9у,П1,Пв1,,ПНД1,ПНС1,ППД1в,ППС1,ДН1,ДП1
селекционироваться,нес,неп,,НБI9у,П1,Пв1,,ПНД1,,ППД1в,,ДН1,ДП1
семплировать,нес,пер,,НБI9у,П1,Пв1,,ПНД1,ПНС1,ППД1в,ППС1,ДН1,ДП1
сжираться,нес,неп,,НБI3,П1,Пв1,,ПНД1,,ППД1в,,ДН1,ДП1
сикаться,нес,неп,,НБI3,П1,Пв1,,ПНД1,,ППД1в,,ДН1,ДП1
сифонить,нес,неп,,НБII2,П1,Пв3,,ПНД1,,ППД1в,,ДН1,ДП1
скакануть,сов,неп,,НБI4,П1,Пв2,С,,,ППД2в,,,ДП1
скорефаниться,сов,неп,,НБII2,П1,Пв3,С,,,ППД1в,,,ДП2
скорешиться,сов,неп,,НБII1,П1,Пв2!,С,,,ППД1в,,,ДП3
скромнеть,нес,неп,,НБI3,П1,Пв1,,ПНД1,,ППД1в,,ДН1,ДП1
скурвиться,сов,неп,,НБII2л,П1,Пв2!,С,,,ППД1в,,,ДП2
скуривать,нес,пер,,НБI3,П1,Пв1,,ПНД1,ПНС1,ППД1в,,ДН1,ДП1
скуриваться,нес,неп,,НБI3,П1,Пв1,,ПНД1,,ППД1в,,ДН1,ДП1
слевачить,сов,неп,,НБII1,П1,Пв3,С,,,ППД1в,,,ДП3
слухать,нес,пер,,НБI3,П1,Пв1,,ПНД1,,ППД1в,,ДН1,ДП1
смакетировать,сов,пер,,НБI9у,П1,Пв1,С,,,ППД1в,ППС1,,ДП1
смастачить,сов,пер,,НБII1,П1,Пв3,С,,,ППД1в,ППС2,,ДП3
смикшировать,сов,пер,,НБI9у,П1,Пв1,С,,,ППД1в,ППС1,,ДП1
смодулировать,сов,неп,,НБI9у,П1,Пв1,С,,,ППД1в,,,ДП1
снахальничать,сов,неп,,НБI3,П1,Пв1,С,,,ППД1в,,,ДП1
снивелировать,сов,неп,,НБI9у,П1,Пв1,С,,,ППД1в,,,ДП1
сопливеть,нес,неп,,НБI3,П1,Пв1,,ПНД1,,ППД1в,,ДН1,ДП1
сосаться,нес,неп,,НБI4,П1,Пв2,,ПНД1,,ППД1в,,ДН1,ДП1
состирнуть,сов,пер,,НБI4,П1,Пв2,С,,,ППД2в,,,ДП1
состыковаться,сов,неп,,НБI9у,П1,Пв1,С,,,ППД1в,,,ДП1
состыковывать,нес,пер,,НБI3,П1,Пв1,,ПНД1,ПНС1,ППД1в,,ДН1,ДП1
состыковываться,нес,неп,,НБI3,П1,Пв1,,ПНД1,,ППД1в,,ДН1,ДП1
спародировать,сов,пер,,НБI9у,П1,Пв1,С,,,ППД1в,ППС1,,ДП1
спарринговаться,нес,неп,,НБI9у,П1,Пв1,,ПНД1,,ППД1в,,ДН1,ДП1
спрогнозировать,сов,пер,,НБI9у,П1,Пв1,С,,,ППД1в,ППС1,,ДП1
спружинивать,нес,неп,,НБI3,П1,Пв1,,ПНД1,,ППД1в,,ДН1,ДП1
спрямиться,сов,неп,,НБII2л,П1,Пв2!,С,,,ППД1в,,,ДП2
сраться,нес,неп,,НБI4,П1,Пв2,,ПНД1,,ППД1в,,,ДП1
стебаться,нес,неп,,НБI3,П1,Пв1,,ПНД1,,ППД1в,,ДН1,ДП1
страгивать,нес,пер,,НБI3,П1,Пв1,,ПНД1,ПНС1,ППД1в,,ДН1,ДП1
стропить,нес,пер,,НБII2л,П1,Пв2!,,ПНД1,ПНС2,ППД1в,,ДН1,ДП1
структурировать,2в,пер,,НБI9у,П1,Пв1,С,ПНД1,ПНС1,ППД1в,ППС1,ДН1,ДП1
стряхать,нес,пер,,НБI3,П1,Пв1,,ПНД1,ПНС1,ППД1в,,ДН1,ДП1
стукануть,сов,пер,,НБI4,П1,Пв2,С,,,ППД2в,ППС3,,ДП1
стыбзить,сов,пер,,НБII2+3ж,П1,Пв2!,С,,,ППД1в,ППС5ж,,ДП2
сфоткать,сов,пер,,НБI3,П1,Пв1,С,,,ППД1в,ППС1,,ДП1
сфоткаться,сов,неп,,НБI3,П1,Пв1,С,,,ППД1в,,,ДП1
схалтурить,сов,неп,,НБII2,П1,Пв3,С,,,ППД1в,,,ДП2
сцедиться,сов,неп,,НБII3ж,П1,Пв2!,С,,,ППД1в,,,ДП2
сымать,нес,пер,,НБI3,П1,Пв1,,ПНД1,ПНС1,ППД1в,,ДН1,ДП1
сыронизировать,сов,неп,,НБI9у,П1,Пв1,С,,,ППД1в,,,ДП1
сюсюкаться,нес,неп,,НБI3,П1,Пв1,,ПНД1,,ППД1в,,ДН1,ДП1
табелировать,нес,пер,,НБI9у,П1,Пв1,,ПНД1,ПНС1,ППД1в,ППС1,ДН1,ДП1
табелироваться,нес,неп,,НБI9у,П1,Пв1,,ПНД1,,ППД1в,,ДН1,ДП1
тариться,нес,неп,,НБII2,П1,Пв3,,ПНД1,,ППД1в,,ДН1,ДП1
тенить,нес,пер,,НБII2,П1,Пв2!,,ПНД1,ПНС2,ППД1в,,ДН1,ДП1
тестироваться,нес,неп,,НБI9у,П1,Пв1,,ПНД1,,ППД1в,,ДН1,ДП1
тиражировать,нес,пер,,НБI9у,П1,Пв1,,ПНД1,ПНС1,ППД1в,ППС1,ДН1,ДП1
тиражироваться,нес,неп,,НБI9у,П1,Пв1,,ПНД1,,ППД1в,,ДН1,ДП1
тихарить,нес,пер,,НБII2,П1,Пв2!,,ПНД1,ПНС2,ППД1в,,ДН1,ДП1
тихариться,нес,неп,,НБII2,П1,Пв2!,,ПНД1,,ППД1в,,ДН1,ДП1
токарить,нес,неп,,НБII2,П1,Пв2!,,ПНД1,,ППД1в,,ДН1,ДП1
торопеть,нес,неп,,НБI3,П1,Пв1,,ПНД1,,ППД1в,,ДН1,ДП1
травануться,сов,неп,,НБI4,П1,Пв2,С,,,ППД2в,,,ДП1
труситься,нес,неп,,НБII3ш,П1,Пв2!,,ПНД1,,ППД1в,,ДН1,ДП1
тулить,нес,пер,,НБII2,П1,Пв2!,,ПНД1,ПНС2,ППД1в,,ДН1,ДП1
тулиться,нес,неп,,НБII2,П1,Пв2!,,ПНД1,,ППД1в,,ДН1,ДП1
тыбзить,нес,пер,,НБII2+3ж,П1,Пв2!,,ПНД1,ПНС2,ППД1в,ППС5ж,ДН1,ДП1
тыкнуться,сов,неп,,НБI4,П1,Пв2,С,,,ППД2в,,,ДП1
тыркать,нес,пер,,НБI3,П1,Пв1,,ПНД1,ПНС1,ППД1в,ППС1,ДН1,ДП1
удавливать,нес,пер,,НБI3,П1,Пв1,,ПНД1,ПНС1,ППД1в,,ДН1,ДП1
удавливаться,нес,неп,,НБI3,П1,Пв1,,ПНД1,,ППД1в,,ДН1,ДП1
удуть,сов,неп,,НБI3,П1,Пв1,С,,,ППД1в,,,ДП1
ужесточаться,нес,неп,,НБI3,П1,Пв1,,ПНД1,,ППД1в,,ДН1,ДП1
ужесточиться,сов,неп,,НБII1,П1,Пв2!,С,,,ППД1в,,,ДП3
уклюкаться,сов,неп,,НБI3,П1,Пв1,С,,,ППД1в,,,ДП1
укушаться,сов,неп,,НБI3,П1,Пв1,С,,,ППД1в,,,ДП1
унюхивать,нес,пер,,НБI3,П1,Пв1,,ПНД1,ПНС1,ППД1в,,ДН1,ДП1
уработаться,сов,неп,,НБI3,П1,Пв1,С,,,ППД1в,,,ДП1
урбанизироваться,нес,неп,,НБI9у,П1,Пв1,,ПНД1,,ППД1в,,ДН1,ДП1
усвистать,сов,неп,,НБI8щ,П1,Пв1,С,,,ППД1в,,,ДП1
услеживать,нес,неп,,НБI3,П1,Пв1,,ПНД1,,ППД1в,,ДН1,ДП1
усредниться,сов,неп,,НБII2,П1,Пв1,С,,,ППД1в,,,ДП2
усреднять,нес,пер,,НБI3,П1,Пв1,,ПНД1,ПНС1,ППД1в,,ДН1,ДП1
усредняться,нес,неп,,НБI3,П1,Пв1,,ПНД1,,ППД1в,,ДН1,ДП1
устаканиваться,нес,неп,,НБI3,П1,Пв1,,ПНД1,,ППД1в,,ДН1,ДП1
устаканиться,сов,неп,,НБII2,П1,Пв3,С,,,ППД1в,,,ДП2
утонить,сов,пер,,НБII2,П1,Пв2!,С,,,ППД1в,ППС2,,ДП2
утониться,сов,неп,,НБII2,П1,Пв2!,С,,,ППД1в,,,ДП2
утонять,нес,пер,,НБI3,П1,Пв1,,ПНД1,ПНС1,ППД1в,,ДН1,ДП1
утрудиться,сов,неп,,НБII3ж,П1,Пв2!,С,,,ППД1в,,,ДП2
ухохатываться,нес,неп,,НБI3,П1,Пв1,,ПНД1,,ППД1в,,ДН1,ДП1
ухохотаться,сов,неп,,НБI6ч,П1,Пв2,С,,,ППД1в,,,ДП1
фанатеть,нес,неп,,НБI3,П1,Пв1,,ПНД1,,ППД1в,,ДН1,ДП1
фарцевать,нес,неп,,НБI9у,П1,Пв1,,ПНД1,,ППД1в,,ДН1,ДП1
фермерствовать,нес,неп,,НБI9у,П1,Пв1,,ПНД1,,ППД1в,,ДН1,ДП1
филонить,нес,неп,,НБII2,П1,Пв3,,ПНД1,,ППД1в,,ДН1,ДП1
фолить,нес,неп,,НБII2,П1,Пв2!,,ПНД1,,ППД1в,,ДН1,ДП1
фонить,нес,неп,,НБII2,П1,Пв2!,,ПНД1,,ППД1в,,ДН1,ДП1
форматировать,нес,пер,,НБI9у,П1,Пв1,,ПНД1,ПНС1,ППД1в,ППС1,ДН1,ДП1
форматироваться,нес,неп,,НБI9у,П1,Пв1,,ПНД1,,ППД1в,,ДН1,ДП1
фоткать,нес,пер,,НБI3,П1,Пв1,,ПНД1,ПНС1,ППД1в,ППС1,ДН1,ДП1
фоткаться,нес,неп,,НБI3,П1,Пв1,,ПНД1,,ППД1в,,ДН1,ДП1
фраериться,нес,неп,,НБII2,П1,Пв2!,,ПНД1,,ППД1в,,ДН1,ДП1
фторировать,2в,пер,,НБI9у,П1,Пв1,С,ПНД1,ПНС1,ППД1в,ППС1,ДН1,ДП1
фторироваться,нес,неп,,НБI9у,П1,Пв1,,ПНД1,,ППД1в,,ДН1,ДП1
ханствовать,нес,неп,,НБI9у,П1,Пв1,,ПНД1,,ППД1в,,ДН1,ДП1
ханыжничать,нес,неп,,НБI3,П1,Пв1,,ПНД1,,ППД1в,,ДН1,ДП1
хапаться,нес,неп,,НБI3,П1,Пв1,,ПНД1,,ППД1в,,ДН1,ДП1
хапужничать,нес,неп,,НБI3,П1,Пв1,,ПНД1,,ППД1в,,ДН1,ДП1
харкаться,нес,неп,,НБI3,П1,Пв1,,ПНД1,,ППД1в,,ДН1,ДП1
хеджировать,нес,пер,,НБI9у,П1,Пв1,,ПНД1,ПНС1,ППД1в,ППС1,ДН1,ДП1
хрумкнуть,сов,неп,,НБI4,П1,Пв2,С,,,ППД2в,,,ДП1
хряпнуться,сов,неп,,НБI4,П1,Пв2,С,,,ППД2в,,,ДП1
художничать,нес,неп,,НБI3,П1,Пв1,,ПНД1,,ППД1в,,ДН1,ДП1
хуярить,нес,пер,,НБII2,П1,Пв3,,ПНД1,ПНС2,ППД1в,,ДН1,ДП1
цианировать,2в,пер,,НБI9у,П1,Пв1,С,ПНД1,ПНС1,ППД1в,ППС1,ДН1,ДП1
чамкать,нес,неп,,НБI3,П1,Пв1,,ПНД1,,ППД1в,,ДН1,ДП1
чатиться,нес,неп,,НБII2,П1,Пв3,,ПНД1,,ППД1в,,ДН1,ДП1
челночить,нес,неп,,НБII1,П1,Пв3,,ПНД1,,ППД1в,,ДН2,ДП1
чикануться,сов,неп,,НБI4,П1,Пв2,С,,,ППД2в,,,ДП1
чпокать,нес,пер,,НБI3,П1,Пв1,,ПНД1,ПНС1,ППД1в,ППС1,ДН1,ДП1
чпокаться,нес,неп,,НБI3,П1,Пв1,,ПНД1,,ППД1в,,ДН1,ДП1
чпокнуть,сов,пер,,НБI4,П1,Пв2,С,,,ППД2в,ППС3,,ДП1
чпокнуться,сов,неп,,НБI4,П1,Пв2,С,,,ППД2в,,,ДП1
шабаркнуть,сов,пер,,НБI4,П1,Пв2,С,,,ППД2в,ППС3,,ДП1
шарахать,нес,пер,,НБI3,П1,Пв1,,ПНД1,ПНС1,ППД1в,ППС1,ДН1,ДП1
шариться,нес,неп,,НБII2,П1,Пв3,,ПНД1,,ППД1в,,ДН1,ДП1
шаркаться,нес,неп,,НБI3,П1,Пв1,,ПНД1,,ППД1в,,ДН1,ДП1
шестерить,нес,неп,,НБII2,П1,Пв2!,,ПНД1,,ППД1в,,ДН1,ДП1
шизануться,сов,неп,,НБI4,П1,Пв2,С,,,ППД2в,,,ДП1
ширнуться,сов,неп,,НБI4,П1,Пв2,С,,,ППД2в,,,ДП1
ширяться,нес,неп,,НБI3,П1,Пв1,,ПНД1,,ППД1в,,ДН1,ДП1
шкодничать,нес,неп,,НБI3,П1,Пв1,,ПНД1,,ППД1в,,ДН1,ДП1
шмалить,нес,пер,,НБII2,П1,Пв2!,,ПНД1,ПНС2,ППД1в,,ДН1,ДП1
шмальнуть,сов,пер,,НБI4,П1,Пв2,С,,,ППД2в,,,ДП1
шмалять,нес,пер,,НБI3,П1,Пв1,,ПНД1,ПНС1,ППД1в,,ДН1,ДП1
шпрехать,нес,неп,,НБI3,П1,Пв1,,ПНД1,,ППД1в,,ДН1,ДП1
шунтировать,нес,пер,,НБI9у,П1,Пв1,,ПНД1,ПНС1,ППД1в,ППС1,ДН1,ДП1
шурупить,нес,пер,,НБII2л,П1,Пв3,,ПНД1,ПНС2,ППД1в,,ДН1,ДП1
шустрить,нес,неп,,НБII2,П1,Пв2!,,ПНД1,,ППД1в,,ДН1,ДП1
экзальтировать,2в,пер,,НБI9у,П1,Пв1,С,ПНД1,ПНС1,ППД1в,ППС1,ДН1,ДП1
экзальтироваться,2в,неп,,НБI9у,П1,Пв1,С,ПНД1,,ППД1в,,ДН1,ДП1
эксгумировать,2в,пер,,НБI9у,П1,Пв1,С,ПНД1,ПНС1,ППД1в,ППС1,ДН1,ДП1
эксгумироваться,нес,неп,,НБI9у,П1,Пв1,,ПНД1,,ППД1в,,ДН1,ДП1
эмитироваться,нес,неп,,НБI9у,П1,Пв1,,ПНД1,,ППД1в,,ДН1,ДП1
эякулировать,2в,неп,,НБI9у,П1,Пв1,С,ПНД1,,ППД1в,,ДН1,ДП1
юзать,нес,пер,,НБI3,П1,Пв1,,ПНД1,ПНС1,ППД1в,ППС1,ДН1,ДП1
юзить,нес,неп,,НБII3-,П1,Пв2!,,ПНД1,,ППД1в,,ДН1,ДП1
юморить,нес,неп,,НБII2,П1,Пв2!,,ПНД1,,ППД1в,,ДН1,ДП1
юркать,нес,неп,,НБI3,П1,Пв1,,ПНД1,,ППД1в,,ДН1,ДП1
